--
-- PostgreSQL database dump
--

-- Dumped from database version 17.2 (Debian 17.2-1.pgdg120+1)
-- Dumped by pg_dump version 17.2 (Debian 17.2-1.pgdg120+1)

SET statement_timeout = 0;
SET lock_timeout = 0;
SET idle_in_transaction_session_timeout = 0;
SET transaction_timeout = 0;
SET client_encoding = 'UTF8';
SET standard_conforming_strings = on;
SELECT pg_catalog.set_config('search_path', '', false);
SET check_function_bodies = false;
SET xmloption = content;
SET client_min_messages = warning;
SET row_security = off;

SET default_tablespace = '';

SET default_table_access_method = heap;

--
-- Name: app_comments_comment; Type: TABLE; Schema: public; Owner: umzruser
--

CREATE TABLE public.app_comments_comment (
    id bigint NOT NULL,
    name text NOT NULL,
    full_name text NOT NULL,
    created timestamp with time zone NOT NULL,
    actual boolean NOT NULL,
    files_id text,
    company_id bigint,
    division_id bigint,
    facility_id bigint,
    license_id bigint,
    project_id bigint,
    user_created_id bigint
);


ALTER TABLE public.app_comments_comment OWNER TO umzruser;

--
-- Name: app_comments_comment_id_seq; Type: SEQUENCE; Schema: public; Owner: umzruser
--

ALTER TABLE public.app_comments_comment ALTER COLUMN id ADD GENERATED BY DEFAULT AS IDENTITY (
    SEQUENCE NAME public.app_comments_comment_id_seq
    START WITH 1
    INCREMENT BY 1
    NO MINVALUE
    NO MAXVALUE
    CACHE 1
);


--
-- Name: app_doc_contract; Type: TABLE; Schema: public; Owner: umzruser
--

CREATE TABLE public.app_doc_contract (
    id bigint NOT NULL,
    contractor_id bigint,
    file_id bigint
);


ALTER TABLE public.app_doc_contract OWNER TO umzruser;

--
-- Name: app_doc_contract_id_seq; Type: SEQUENCE; Schema: public; Owner: umzruser
--

ALTER TABLE public.app_doc_contract ALTER COLUMN id ADD GENERATED BY DEFAULT AS IDENTITY (
    SEQUENCE NAME public.app_doc_contract_id_seq
    START WITH 1
    INCREMENT BY 1
    NO MINVALUE
    NO MAXVALUE
    CACHE 1
);


--
-- Name: app_doc_contractor; Type: TABLE; Schema: public; Owner: umzruser
--

CREATE TABLE public.app_doc_contractor (
    id bigint NOT NULL,
    name character varying(100),
    esk character varying(100),
    company_id bigint
);


ALTER TABLE public.app_doc_contractor OWNER TO umzruser;

--
-- Name: app_doc_contractor_id_seq; Type: SEQUENCE; Schema: public; Owner: umzruser
--

ALTER TABLE public.app_doc_contractor ALTER COLUMN id ADD GENERATED BY DEFAULT AS IDENTITY (
    SEQUENCE NAME public.app_doc_contractor_id_seq
    START WITH 1
    INCREMENT BY 1
    NO MINVALUE
    NO MAXVALUE
    CACHE 1
);


--
-- Name: app_doc_document; Type: TABLE; Schema: public; Owner: umzruser
--

CREATE TABLE public.app_doc_document (
    id bigint NOT NULL,
    title character varying(255),
    file character varying(100) NOT NULL,
    actual boolean NOT NULL,
    created_at timestamp with time zone NOT NULL,
    from_send text,
    type_id bigint,
    user_created_id bigint
);


ALTER TABLE public.app_doc_document OWNER TO umzruser;

--
-- Name: app_doc_document_id_seq; Type: SEQUENCE; Schema: public; Owner: umzruser
--

ALTER TABLE public.app_doc_document ALTER COLUMN id ADD GENERATED BY DEFAULT AS IDENTITY (
    SEQUENCE NAME public.app_doc_document_id_seq
    START WITH 1
    INCREMENT BY 1
    NO MINVALUE
    NO MAXVALUE
    CACHE 1
);


--
-- Name: app_doc_filetype; Type: TABLE; Schema: public; Owner: umzruser
--

CREATE TABLE public.app_doc_filetype (
    id bigint NOT NULL,
    title character varying(255) NOT NULL
);


ALTER TABLE public.app_doc_filetype OWNER TO umzruser;

--
-- Name: app_doc_filetype_id_seq; Type: SEQUENCE; Schema: public; Owner: umzruser
--

ALTER TABLE public.app_doc_filetype ALTER COLUMN id ADD GENERATED BY DEFAULT AS IDENTITY (
    SEQUENCE NAME public.app_doc_filetype_id_seq
    START WITH 1
    INCREMENT BY 1
    NO MINVALUE
    NO MAXVALUE
    CACHE 1
);


--
-- Name: app_econ_bptask; Type: TABLE; Schema: public; Owner: umzruser
--

CREATE TABLE public.app_econ_bptask (
    id bigint NOT NULL,
    name character varying(255) NOT NULL,
    dpb date NOT NULL,
    dpe date NOT NULL,
    note text,
    actual boolean NOT NULL,
    created_at timestamp with time zone NOT NULL,
    updated_at timestamp with time zone NOT NULL,
    bps_id bigint NOT NULL
);


ALTER TABLE public.app_econ_bptask OWNER TO umzruser;

--
-- Name: app_econ_bptask_id_seq; Type: SEQUENCE; Schema: public; Owner: umzruser
--

ALTER TABLE public.app_econ_bptask ALTER COLUMN id ADD GENERATED BY DEFAULT AS IDENTITY (
    SEQUENCE NAME public.app_econ_bptask_id_seq
    START WITH 1
    INCREMENT BY 1
    NO MINVALUE
    NO MAXVALUE
    CACHE 1
);


--
-- Name: app_econ_businessplan; Type: TABLE; Schema: public; Owner: umzruser
--

CREATE TABLE public.app_econ_businessplan (
    id bigint NOT NULL,
    name character varying(250) NOT NULL,
    date date NOT NULL,
    contacts text,
    note text,
    actual boolean NOT NULL,
    created_at timestamp with time zone NOT NULL,
    updated_at timestamp with time zone NOT NULL,
    project_id bigint NOT NULL
);


ALTER TABLE public.app_econ_businessplan OWNER TO umzruser;

--
-- Name: app_econ_businessplan_id_seq; Type: SEQUENCE; Schema: public; Owner: umzruser
--

ALTER TABLE public.app_econ_businessplan ALTER COLUMN id ADD GENERATED BY DEFAULT AS IDENTITY (
    SEQUENCE NAME public.app_econ_businessplan_id_seq
    START WITH 1
    INCREMENT BY 1
    NO MINVALUE
    NO MAXVALUE
    CACHE 1
);


--
-- Name: app_econ_businessplancostitem; Type: TABLE; Schema: public; Owner: umzruser
--

CREATE TABLE public.app_econ_businessplancostitem (
    id bigint NOT NULL,
    name character varying(100) NOT NULL
);


ALTER TABLE public.app_econ_businessplancostitem OWNER TO umzruser;

--
-- Name: app_econ_businessplancostitem_id_seq; Type: SEQUENCE; Schema: public; Owner: umzruser
--

ALTER TABLE public.app_econ_businessplancostitem ALTER COLUMN id ADD GENERATED BY DEFAULT AS IDENTITY (
    SEQUENCE NAME public.app_econ_businessplancostitem_id_seq
    START WITH 1
    INCREMENT BY 1
    NO MINVALUE
    NO MAXVALUE
    CACHE 1
);


--
-- Name: app_econ_businessplanfacility; Type: TABLE; Schema: public; Owner: umzruser
--

CREATE TABLE public.app_econ_businessplanfacility (
    id bigint NOT NULL,
    name character varying(255) NOT NULL,
    count integer,
    length double precision,
    square double precision,
    project_id bigint NOT NULL
);


ALTER TABLE public.app_econ_businessplanfacility OWNER TO umzruser;

--
-- Name: app_econ_businessplanfacility_id_seq; Type: SEQUENCE; Schema: public; Owner: umzruser
--

ALTER TABLE public.app_econ_businessplanfacility ALTER COLUMN id ADD GENERATED BY DEFAULT AS IDENTITY (
    SEQUENCE NAME public.app_econ_businessplanfacility_id_seq
    START WITH 1
    INCREMENT BY 1
    NO MINVALUE
    NO MAXVALUE
    CACHE 1
);


--
-- Name: app_econ_businessplanstr; Type: TABLE; Schema: public; Owner: umzruser
--

CREATE TABLE public.app_econ_businessplanstr (
    id bigint NOT NULL,
    note text,
    bp_id bigint NOT NULL,
    bpf_id bigint NOT NULL,
    company_id bigint NOT NULL,
    costitem_id bigint NOT NULL,
    facility_id bigint NOT NULL,
    stage_id bigint
);


ALTER TABLE public.app_econ_businessplanstr OWNER TO umzruser;

--
-- Name: app_econ_businessplanstr_id_seq; Type: SEQUENCE; Schema: public; Owner: umzruser
--

ALTER TABLE public.app_econ_businessplanstr ALTER COLUMN id ADD GENERATED BY DEFAULT AS IDENTITY (
    SEQUENCE NAME public.app_econ_businessplanstr_id_seq
    START WITH 1
    INCREMENT BY 1
    NO MINVALUE
    NO MAXVALUE
    CACHE 1
);


--
-- Name: app_econ_paymentbptask; Type: TABLE; Schema: public; Owner: umzruser
--

CREATE TABLE public.app_econ_paymentbptask (
    id bigint NOT NULL,
    date_develop date,
    date_funding date,
    costp double precision NOT NULL,
    note text,
    actual boolean NOT NULL,
    created_at timestamp with time zone NOT NULL,
    updated_at timestamp with time zone NOT NULL,
    bptask_id bigint,
    contract_id bigint,
    file_id bigint
);


ALTER TABLE public.app_econ_paymentbptask OWNER TO umzruser;

--
-- Name: app_econ_paymentbptask_id_seq; Type: SEQUENCE; Schema: public; Owner: umzruser
--

ALTER TABLE public.app_econ_paymentbptask ALTER COLUMN id ADD GENERATED BY DEFAULT AS IDENTITY (
    SEQUENCE NAME public.app_econ_paymentbptask_id_seq
    START WITH 1
    INCREMENT BY 1
    NO MINVALUE
    NO MAXVALUE
    CACHE 1
);


--
-- Name: app_econ_project; Type: TABLE; Schema: public; Owner: umzruser
--

CREATE TABLE public.app_econ_project (
    id bigint NOT NULL,
    name character varying(250) NOT NULL,
    contacts text,
    note text,
    actual boolean NOT NULL,
    created_at timestamp with time zone NOT NULL,
    updated_at timestamp with time zone NOT NULL,
    division_id bigint NOT NULL
);


ALTER TABLE public.app_econ_project OWNER TO umzruser;

--
-- Name: app_econ_project_id_seq; Type: SEQUENCE; Schema: public; Owner: umzruser
--

ALTER TABLE public.app_econ_project ALTER COLUMN id ADD GENERATED BY DEFAULT AS IDENTITY (
    SEQUENCE NAME public.app_econ_project_id_seq
    START WITH 1
    INCREMENT BY 1
    NO MINVALUE
    NO MAXVALUE
    CACHE 1
);


--
-- Name: app_econ_project_licenses; Type: TABLE; Schema: public; Owner: umzruser
--

CREATE TABLE public.app_econ_project_licenses (
    id bigint NOT NULL,
    project_id bigint NOT NULL,
    license_id bigint NOT NULL
);


ALTER TABLE public.app_econ_project_licenses OWNER TO umzruser;

--
-- Name: app_econ_project_licenses_id_seq; Type: SEQUENCE; Schema: public; Owner: umzruser
--

ALTER TABLE public.app_econ_project_licenses ALTER COLUMN id ADD GENERATED BY DEFAULT AS IDENTITY (
    SEQUENCE NAME public.app_econ_project_licenses_id_seq
    START WITH 1
    INCREMENT BY 1
    NO MINVALUE
    NO MAXVALUE
    CACHE 1
);


--
-- Name: app_econ_projectstage; Type: TABLE; Schema: public; Owner: umzruser
--

CREATE TABLE public.app_econ_projectstage (
    id bigint NOT NULL,
    name character varying(255) NOT NULL
);


ALTER TABLE public.app_econ_projectstage OWNER TO umzruser;

--
-- Name: app_econ_projectstage_id_seq; Type: SEQUENCE; Schema: public; Owner: umzruser
--

ALTER TABLE public.app_econ_projectstage ALTER COLUMN id ADD GENERATED BY DEFAULT AS IDENTITY (
    SEQUENCE NAME public.app_econ_projectstage_id_seq
    START WITH 1
    INCREMENT BY 1
    NO MINVALUE
    NO MAXVALUE
    CACHE 1
);


--
-- Name: app_struct_company; Type: TABLE; Schema: public; Owner: umzruser
--

CREATE TABLE public.app_struct_company (
    id bigint NOT NULL,
    title character varying(250) NOT NULL,
    name character varying(250) NOT NULL,
    logo character varying(100),
    contacts text,
    note text,
    actual boolean NOT NULL,
    created_at timestamp with time zone NOT NULL,
    updated_at timestamp with time zone NOT NULL,
    gis character varying(255),
    parent_id bigint
);


ALTER TABLE public.app_struct_company OWNER TO umzruser;

--
-- Name: app_struct_company_id_seq; Type: SEQUENCE; Schema: public; Owner: umzruser
--

ALTER TABLE public.app_struct_company ALTER COLUMN id ADD GENERATED BY DEFAULT AS IDENTITY (
    SEQUENCE NAME public.app_struct_company_id_seq
    START WITH 1
    INCREMENT BY 1
    NO MINVALUE
    NO MAXVALUE
    CACHE 1
);


--
-- Name: app_struct_division; Type: TABLE; Schema: public; Owner: umzruser
--

CREATE TABLE public.app_struct_division (
    id bigint NOT NULL,
    name character varying(250) NOT NULL,
    abbr character varying(17) NOT NULL,
    contacts text,
    note text,
    actual boolean NOT NULL,
    created_at timestamp with time zone NOT NULL,
    updated_at timestamp with time zone NOT NULL,
    company_id bigint NOT NULL,
    parent_id bigint
);


ALTER TABLE public.app_struct_division OWNER TO umzruser;

--
-- Name: app_struct_division_id_seq; Type: SEQUENCE; Schema: public; Owner: umzruser
--

ALTER TABLE public.app_struct_division ALTER COLUMN id ADD GENERATED BY DEFAULT AS IDENTITY (
    SEQUENCE NAME public.app_struct_division_id_seq
    START WITH 1
    INCREMENT BY 1
    NO MINVALUE
    NO MAXVALUE
    CACHE 1
);


--
-- Name: app_struct_employee; Type: TABLE; Schema: public; Owner: umzruser
--

CREATE TABLE public.app_struct_employee (
    id bigint NOT NULL,
    name character varying(250) NOT NULL,
    surname character varying(250) NOT NULL,
    patronymic character varying(250),
    post character varying(250) NOT NULL,
    phone character varying(250) NOT NULL,
    email character varying(250),
    avatar character varying(100),
    is_director boolean NOT NULL,
    date_birth date,
    contacts text,
    note text,
    created_at timestamp with time zone NOT NULL,
    updated_at timestamp with time zone NOT NULL,
    company_id bigint NOT NULL,
    division_id bigint,
    user_id integer
);


ALTER TABLE public.app_struct_employee OWNER TO umzruser;

--
-- Name: app_struct_employee_id_seq; Type: SEQUENCE; Schema: public; Owner: umzruser
--

ALTER TABLE public.app_struct_employee ALTER COLUMN id ADD GENERATED BY DEFAULT AS IDENTITY (
    SEQUENCE NAME public.app_struct_employee_id_seq
    START WITH 1
    INCREMENT BY 1
    NO MINVALUE
    NO MAXVALUE
    CACHE 1
);


--
-- Name: app_struct_facility; Type: TABLE; Schema: public; Owner: umzruser
--

CREATE TABLE public.app_struct_facility (
    id bigint NOT NULL,
    name character varying(255) NOT NULL,
    count double precision,
    length double precision,
    square double precision,
    note text,
    actual boolean NOT NULL,
    created_at timestamp with time zone NOT NULL,
    updated_at timestamp with time zone NOT NULL,
    gis character varying,
    gist character varying,
    parent_id bigint,
    type_id bigint,
    license_id bigint
);


ALTER TABLE public.app_struct_facility OWNER TO umzruser;

--
-- Name: app_struct_facility_id_seq; Type: SEQUENCE; Schema: public; Owner: umzruser
--

ALTER TABLE public.app_struct_facility ALTER COLUMN id ADD GENERATED BY DEFAULT AS IDENTITY (
    SEQUENCE NAME public.app_struct_facility_id_seq
    START WITH 1
    INCREMENT BY 1
    NO MINVALUE
    NO MAXVALUE
    CACHE 1
);


--
-- Name: app_struct_facilitytype; Type: TABLE; Schema: public; Owner: umzruser
--

CREATE TABLE public.app_struct_facilitytype (
    id bigint NOT NULL,
    name character varying(255) NOT NULL
);


ALTER TABLE public.app_struct_facilitytype OWNER TO umzruser;

--
-- Name: app_struct_facilitytype_id_seq; Type: SEQUENCE; Schema: public; Owner: umzruser
--

ALTER TABLE public.app_struct_facilitytype ALTER COLUMN id ADD GENERATED BY DEFAULT AS IDENTITY (
    SEQUENCE NAME public.app_struct_facilitytype_id_seq
    START WITH 1
    INCREMENT BY 1
    NO MINVALUE
    NO MAXVALUE
    CACHE 1
);


--
-- Name: app_struct_license; Type: TABLE; Schema: public; Owner: umzruser
--

CREATE TABLE public.app_struct_license (
    id bigint NOT NULL,
    name character varying(250) NOT NULL,
    dt_start date NOT NULL,
    dt_end date NOT NULL,
    doc character varying(100),
    note text,
    actual boolean NOT NULL,
    created_at timestamp with time zone NOT NULL,
    updated_at timestamp with time zone NOT NULL,
    gis character varying(255),
    owner_id bigint
);


ALTER TABLE public.app_struct_license OWNER TO umzruser;

--
-- Name: app_struct_license_id_seq; Type: SEQUENCE; Schema: public; Owner: umzruser
--

ALTER TABLE public.app_struct_license ALTER COLUMN id ADD GENERATED BY DEFAULT AS IDENTITY (
    SEQUENCE NAME public.app_struct_license_id_seq
    START WITH 1
    INCREMENT BY 1
    NO MINVALUE
    NO MAXVALUE
    CACHE 1
);


--
-- Name: auth_group; Type: TABLE; Schema: public; Owner: umzruser
--

CREATE TABLE public.auth_group (
    id integer NOT NULL,
    name character varying(150) NOT NULL
);


ALTER TABLE public.auth_group OWNER TO umzruser;

--
-- Name: auth_group_id_seq; Type: SEQUENCE; Schema: public; Owner: umzruser
--

ALTER TABLE public.auth_group ALTER COLUMN id ADD GENERATED BY DEFAULT AS IDENTITY (
    SEQUENCE NAME public.auth_group_id_seq
    START WITH 1
    INCREMENT BY 1
    NO MINVALUE
    NO MAXVALUE
    CACHE 1
);


--
-- Name: auth_group_permissions; Type: TABLE; Schema: public; Owner: umzruser
--

CREATE TABLE public.auth_group_permissions (
    id bigint NOT NULL,
    group_id integer NOT NULL,
    permission_id integer NOT NULL
);


ALTER TABLE public.auth_group_permissions OWNER TO umzruser;

--
-- Name: auth_group_permissions_id_seq; Type: SEQUENCE; Schema: public; Owner: umzruser
--

ALTER TABLE public.auth_group_permissions ALTER COLUMN id ADD GENERATED BY DEFAULT AS IDENTITY (
    SEQUENCE NAME public.auth_group_permissions_id_seq
    START WITH 1
    INCREMENT BY 1
    NO MINVALUE
    NO MAXVALUE
    CACHE 1
);


--
-- Name: auth_permission; Type: TABLE; Schema: public; Owner: umzruser
--

CREATE TABLE public.auth_permission (
    id integer NOT NULL,
    name character varying(255) NOT NULL,
    content_type_id integer NOT NULL,
    codename character varying(100) NOT NULL
);


ALTER TABLE public.auth_permission OWNER TO umzruser;

--
-- Name: auth_permission_id_seq; Type: SEQUENCE; Schema: public; Owner: umzruser
--

ALTER TABLE public.auth_permission ALTER COLUMN id ADD GENERATED BY DEFAULT AS IDENTITY (
    SEQUENCE NAME public.auth_permission_id_seq
    START WITH 1
    INCREMENT BY 1
    NO MINVALUE
    NO MAXVALUE
    CACHE 1
);


--
-- Name: auth_user; Type: TABLE; Schema: public; Owner: umzruser
--

CREATE TABLE public.auth_user (
    id integer NOT NULL,
    password character varying(128) NOT NULL,
    last_login timestamp with time zone,
    is_superuser boolean NOT NULL,
    username character varying(150) NOT NULL,
    first_name character varying(150) NOT NULL,
    last_name character varying(150) NOT NULL,
    email character varying(254) NOT NULL,
    is_staff boolean NOT NULL,
    is_active boolean NOT NULL,
    date_joined timestamp with time zone NOT NULL
);


ALTER TABLE public.auth_user OWNER TO umzruser;

--
-- Name: auth_user_groups; Type: TABLE; Schema: public; Owner: umzruser
--

CREATE TABLE public.auth_user_groups (
    id bigint NOT NULL,
    user_id integer NOT NULL,
    group_id integer NOT NULL
);


ALTER TABLE public.auth_user_groups OWNER TO umzruser;

--
-- Name: auth_user_groups_id_seq; Type: SEQUENCE; Schema: public; Owner: umzruser
--

ALTER TABLE public.auth_user_groups ALTER COLUMN id ADD GENERATED BY DEFAULT AS IDENTITY (
    SEQUENCE NAME public.auth_user_groups_id_seq
    START WITH 1
    INCREMENT BY 1
    NO MINVALUE
    NO MAXVALUE
    CACHE 1
);


--
-- Name: auth_user_id_seq; Type: SEQUENCE; Schema: public; Owner: umzruser
--

ALTER TABLE public.auth_user ALTER COLUMN id ADD GENERATED BY DEFAULT AS IDENTITY (
    SEQUENCE NAME public.auth_user_id_seq
    START WITH 1
    INCREMENT BY 1
    NO MINVALUE
    NO MAXVALUE
    CACHE 1
);


--
-- Name: auth_user_user_permissions; Type: TABLE; Schema: public; Owner: umzruser
--

CREATE TABLE public.auth_user_user_permissions (
    id bigint NOT NULL,
    user_id integer NOT NULL,
    permission_id integer NOT NULL
);


ALTER TABLE public.auth_user_user_permissions OWNER TO umzruser;

--
-- Name: auth_user_user_permissions_id_seq; Type: SEQUENCE; Schema: public; Owner: umzruser
--

ALTER TABLE public.auth_user_user_permissions ALTER COLUMN id ADD GENERATED BY DEFAULT AS IDENTITY (
    SEQUENCE NAME public.auth_user_user_permissions_id_seq
    START WITH 1
    INCREMENT BY 1
    NO MINVALUE
    NO MAXVALUE
    CACHE 1
);


--
-- Name: django_admin_log; Type: TABLE; Schema: public; Owner: umzruser
--

CREATE TABLE public.django_admin_log (
    id integer NOT NULL,
    action_time timestamp with time zone NOT NULL,
    object_id text,
    object_repr character varying(200) NOT NULL,
    action_flag smallint NOT NULL,
    change_message text NOT NULL,
    content_type_id integer,
    user_id integer NOT NULL,
    CONSTRAINT django_admin_log_action_flag_check CHECK ((action_flag >= 0))
);


ALTER TABLE public.django_admin_log OWNER TO umzruser;

--
-- Name: django_admin_log_id_seq; Type: SEQUENCE; Schema: public; Owner: umzruser
--

ALTER TABLE public.django_admin_log ALTER COLUMN id ADD GENERATED BY DEFAULT AS IDENTITY (
    SEQUENCE NAME public.django_admin_log_id_seq
    START WITH 1
    INCREMENT BY 1
    NO MINVALUE
    NO MAXVALUE
    CACHE 1
);


--
-- Name: django_content_type; Type: TABLE; Schema: public; Owner: umzruser
--

CREATE TABLE public.django_content_type (
    id integer NOT NULL,
    app_label character varying(100) NOT NULL,
    model character varying(100) NOT NULL
);


ALTER TABLE public.django_content_type OWNER TO umzruser;

--
-- Name: django_content_type_id_seq; Type: SEQUENCE; Schema: public; Owner: umzruser
--

ALTER TABLE public.django_content_type ALTER COLUMN id ADD GENERATED BY DEFAULT AS IDENTITY (
    SEQUENCE NAME public.django_content_type_id_seq
    START WITH 1
    INCREMENT BY 1
    NO MINVALUE
    NO MAXVALUE
    CACHE 1
);


--
-- Name: django_migrations; Type: TABLE; Schema: public; Owner: umzruser
--

CREATE TABLE public.django_migrations (
    id bigint NOT NULL,
    app character varying(255) NOT NULL,
    name character varying(255) NOT NULL,
    applied timestamp with time zone NOT NULL
);


ALTER TABLE public.django_migrations OWNER TO umzruser;

--
-- Name: django_migrations_id_seq; Type: SEQUENCE; Schema: public; Owner: umzruser
--

ALTER TABLE public.django_migrations ALTER COLUMN id ADD GENERATED BY DEFAULT AS IDENTITY (
    SEQUENCE NAME public.django_migrations_id_seq
    START WITH 1
    INCREMENT BY 1
    NO MINVALUE
    NO MAXVALUE
    CACHE 1
);


--
-- Name: django_session; Type: TABLE; Schema: public; Owner: umzruser
--

CREATE TABLE public.django_session (
    session_key character varying(40) NOT NULL,
    session_data text NOT NULL,
    expire_date timestamp with time zone NOT NULL
);


ALTER TABLE public.django_session OWNER TO umzruser;

--
-- Data for Name: app_comments_comment; Type: TABLE DATA; Schema: public; Owner: umzruser
--

COPY public.app_comments_comment (id, name, full_name, created, actual, files_id, company_id, division_id, facility_id, license_id, project_id, user_created_id) FROM stdin;
23	2	<p>2</p>\r\n	2025-03-26 13:37:06.20581+00	t	\N	\N	\N	\N	\N	\N	\N
24	122	<p>1212</p>\r\n	2025-03-26 13:37:37.372206+00	t	\N	\N	\N	\N	\N	\N	\N
25	212	<p>23</p>\r\n	2025-03-31 09:13:33.058767+00	t	\N	\N	\N	\N	\N	\N	\N
26	1	<p>w</p>\r\n	2025-03-31 09:32:45.862765+00	t	\N	\N	\N	\N	\N	\N	\N
27	1	<p>w</p>\r\n	2025-03-31 09:49:24.426228+00	t	\N	\N	\N	\N	\N	\N	\N
28	12	<p>12</p>\r\n	2025-03-31 09:50:43.147799+00	t	\N	\N	\N	\N	\N	\N	\N
29	12	<p>12</p>\r\n	2025-03-31 09:52:02.777046+00	t	\N	\N	\N	\N	\N	\N	\N
30	12	<p>12</p>\r\n	2025-03-31 09:52:09.720795+00	t	\N	\N	\N	\N	\N	\N	\N
31	23	<p>23</p>\r\n	2025-03-31 09:58:15.588858+00	t	\N	\N	\N	\N	\N	\N	\N
32	1	<p>2</p>\r\n	2025-03-31 10:02:20.760608+00	t	\N	\N	\N	\N	\N	\N	\N
33	22	<p>2</p>\r\n	2025-03-31 10:12:06.967438+00	t	\N	\N	\N	\N	\N	\N	\N
34	ffff	<p>ff</p>\r\n	2025-03-31 10:15:08.112824+00	t	\N	\N	\N	\N	\N	\N	1
\.


--
-- Data for Name: app_doc_contract; Type: TABLE DATA; Schema: public; Owner: umzruser
--

COPY public.app_doc_contract (id, contractor_id, file_id) FROM stdin;
\.


--
-- Data for Name: app_doc_contractor; Type: TABLE DATA; Schema: public; Owner: umzruser
--

COPY public.app_doc_contractor (id, name, esk, company_id) FROM stdin;
\.


--
-- Data for Name: app_doc_document; Type: TABLE DATA; Schema: public; Owner: umzruser
--

COPY public.app_doc_document (id, title, file, actual, created_at, from_send, type_id, user_created_id) FROM stdin;
1	facility.svg	doc/facility.svg	t	2025-03-31 09:32:45.870071+00	company-2-comment-26	\N	3
2	divisions.svg	doc/divisions.svg	t	2025-03-31 09:49:24.43134+00	company-2-comment-27	\N	3
3	facility.svg	doc/facility_KD2lQSo.svg	t	2025-03-31 09:49:24.437301+00	company-2-comment-27	\N	3
4	gazprom-neft-logo-rus.svg	doc/gazprom-neft-logo-rus.svg	t	2025-03-31 09:49:24.441665+00	company-2-comment-27	\N	3
5	license.svg	doc/license.svg	t	2025-03-31 10:15:08.118216+00	company-2-comment-34	\N	1
\.


--
-- Data for Name: app_doc_filetype; Type: TABLE DATA; Schema: public; Owner: umzruser
--

COPY public.app_doc_filetype (id, title) FROM stdin;
\.


--
-- Data for Name: app_econ_bptask; Type: TABLE DATA; Schema: public; Owner: umzruser
--

COPY public.app_econ_bptask (id, name, dpb, dpe, note, actual, created_at, updated_at, bps_id) FROM stdin;
\.


--
-- Data for Name: app_econ_businessplan; Type: TABLE DATA; Schema: public; Owner: umzruser
--

COPY public.app_econ_businessplan (id, name, date, contacts, note, actual, created_at, updated_at, project_id) FROM stdin;
\.


--
-- Data for Name: app_econ_businessplancostitem; Type: TABLE DATA; Schema: public; Owner: umzruser
--

COPY public.app_econ_businessplancostitem (id, name) FROM stdin;
1	Аренда земли
2	Выполнение ЗУР
\.


--
-- Data for Name: app_econ_businessplanfacility; Type: TABLE DATA; Schema: public; Owner: umzruser
--

COPY public.app_econ_businessplanfacility (id, name, count, length, square, project_id) FROM stdin;
\.


--
-- Data for Name: app_econ_businessplanstr; Type: TABLE DATA; Schema: public; Owner: umzruser
--

COPY public.app_econ_businessplanstr (id, note, bp_id, bpf_id, company_id, costitem_id, facility_id, stage_id) FROM stdin;
\.


--
-- Data for Name: app_econ_paymentbptask; Type: TABLE DATA; Schema: public; Owner: umzruser
--

COPY public.app_econ_paymentbptask (id, date_develop, date_funding, costp, note, actual, created_at, updated_at, bptask_id, contract_id, file_id) FROM stdin;
\.


--
-- Data for Name: app_econ_project; Type: TABLE DATA; Schema: public; Owner: umzruser
--

COPY public.app_econ_project (id, name, contacts, note, actual, created_at, updated_at, division_id) FROM stdin;
2	Оморинка	Слуцкий Дмитрий Анатольевич		t	2025-02-14 11:09:49.761494+00	2025-02-14 11:09:49.761512+00	2
4	Титан	Останков Андрей Викторович		t	2025-02-14 11:12:26.602478+00	2025-02-14 11:12:26.602497+00	3
5	Южный Ямал	Севрюков Денис Александрович		t	2025-02-14 11:12:52.126664+00	2025-02-14 11:12:52.126682+00	2
6	Южный Оренбург	Леденев Виктор Сергеевич		t	2025-02-14 11:13:22.47209+00	2025-02-14 11:13:22.472107+00	2
7	Холмогоры	Гуляев Андрей Евгеньевич		t	2025-02-14 11:13:57.063906+00	2025-02-14 11:13:57.06392+00	2
1	ЧОНА	Перминов Дмитрий Евгеньевич		t	2025-02-14 11:09:18.124009+00	2025-02-20 09:21:44.164609+00	2
8	Чона-газ			f	2025-02-20 09:11:04.921401+00	2025-02-20 09:23:30.907239+00	2
3	Енисей	<p>Севрюков Денис Александрович <span style="color:#2ecc71">66666</span></p>\r\n		t	2025-02-14 11:10:23.558397+00	2025-03-06 12:04:18.580304+00	2
\.


--
-- Data for Name: app_econ_project_licenses; Type: TABLE DATA; Schema: public; Owner: umzruser
--

COPY public.app_econ_project_licenses (id, project_id, license_id) FROM stdin;
1	1	13
2	2	12
3	3	1
4	4	9
5	4	2
6	5	8
7	6	3
8	6	4
9	6	5
10	6	6
11	6	7
12	7	10
13	7	11
14	8	13
15	1	14
16	8	14
\.


--
-- Data for Name: app_econ_projectstage; Type: TABLE DATA; Schema: public; Owner: umzruser
--

COPY public.app_econ_projectstage (id, name) FROM stdin;
\.


--
-- Data for Name: app_struct_company; Type: TABLE DATA; Schema: public; Owner: umzruser
--

COPY public.app_struct_company (id, title, name, logo, contacts, note, actual, created_at, updated_at, gis, parent_id) FROM stdin;
3	ГПН-ННГ	ООО "Газпромнефть-Ноябрьскнефтегаз"				t	2025-02-14 09:50:26.796371+00	2025-02-14 09:50:26.796386+00	\N	1
4	Энерком	ООО "Энерком"				t	2025-02-14 09:51:12.536013+00	2025-02-14 09:51:12.536027+00	\N	2
6	ГПН-Ямал	ООО "Газпромнефть-Ямал"				t	2025-02-14 09:52:12.663161+00	2025-02-14 09:52:12.663178+00	\N	1
7	ГДЯ	ООО "Газпром добыча Ямбург"				t	2025-02-14 09:53:26.156227+00	2025-02-14 09:53:26.156241+00	\N	1
8	ГПН-Ангара	ООО "Газпромнефть-Ангара"				t	2025-02-20 04:51:09.552845+00	2025-02-20 04:53:05.857126+00	\N	1
2	ГПН-ГЕО	ООО "Газпромнефть-ГЕО"		<p>88005553535 <strong><span style="color:#c0392b">звони</span></strong></p>\r\n\r\n<p><strong><span style="color:#c0392b">лллллллл55пп<sup>ппп</sup></span></strong></p>\r\n	<p>Тут примечание666666<strong>66<span style="color:#2980b9">6666666666666</span>5</strong></p>\r\n\r\n<p><u><strong>еще примечание&nbsp;</strong></u></p>\r\n	t	2025-02-14 09:49:50.800302+00	2025-03-05 13:27:31.979347+00	\N	1
5	Гыдан-Энерджи	ООО "Гыдан-Энерджи"		<p>fgfgfgfg</p>\r\n		t	2025-02-14 09:51:32.424452+00	2025-03-05 13:52:34.937737+00	\N	2
1	ГПН ПАО	ПАО "Газпром нефть"	struct/company/logo/gpn.jpg	<p>Титаева Ирина <span style="color:#c0392b">Александров</span><span style="color:#9b59b6">на</span></p>\r\n	<p>Головная Компания</p>\r\n	t	2025-02-14 09:49:27.512344+00	2025-03-06 05:58:30.576838+00	\N	\N
9	ГПН-Оренбург	ООО "Газпромнефть-Оренбург"		<p>8 800 555 35 35 fff</p>	<p>Тут примечание</p>	t	2025-03-05 12:34:19.492681+00	2025-03-06 12:13:48.210161+00	\N	1
\.


--
-- Data for Name: app_struct_division; Type: TABLE DATA; Schema: public; Owner: umzruser
--

COPY public.app_struct_division (id, name, abbr, contacts, note, actual, created_at, updated_at, company_id, parent_id) FROM stdin;
2	Кластер "Традиционные запасы и Восточная Сибирь"	КТЗиВС	Николаев Максим Николаевич - Исполнительный директор		t	2025-02-14 09:55:15.111041+00	2025-02-14 09:55:15.111058+00	2	\N
4	Блок главного инженера	БГИ	Трифонов Андрей Владимирович		t	2025-02-14 09:55:43.357605+00	2025-02-14 09:55:43.357622+00	2	\N
6	Центр разведочной геофизики	ЦРГ	Воцалевский Владислав Збигневич		t	2025-02-14 09:56:23.404859+00	2025-02-14 09:56:23.404876+00	2	\N
7	Блок корпоративных коммуникаций	БКК			t	2025-02-18 04:45:33.601042+00	2025-02-18 04:45:33.601057+00	1	\N
8	Управление регионального развития	УРР			t	2025-02-18 04:57:01.43685+00	2025-02-18 04:57:01.436866+00	1	7
9	Отдел по работе с региональными властями	ОРРВ			t	2025-02-18 05:22:45.802504+00	2025-02-18 05:22:45.802537+00	1	8
10	Отдел экологической безопасности	ОЭБ			t	2025-02-20 04:13:01.443067+00	2025-02-20 04:14:24.567111+00	2	5
12	Управление капитального строительства	УКС			t	2025-02-20 04:55:40.91412+00	2025-02-20 04:55:40.914156+00	2	11
13	Управление проектно-изыскательских работ	УПИР			t	2025-02-20 04:56:12.891628+00	2025-02-20 04:56:12.891642+00	2	11
1	Управление маркшейдерско-землеустроительных работ	УМЗР	<p>878877887g<span style="color:#f39c12"><em>hjjgghj</em></span></p>\r\n	<p>tytyry</p>\r\n	t	2025-02-14 09:54:40.607183+00	2025-03-05 13:40:54.868412+00	2	\N
5	Блок производственной безопасности	БПБ	<p>Михайлов Юрий Александрович ывп</p>\r\n		t	2025-02-14 09:55:54.173493+00	2025-03-06 10:57:47.362231+00	2	\N
3	Кластер "Большая Ачимовка"	КБА	<p>Волков Георгий Владимирович</p>\r\n	<p>dffd</p>\r\n	t	2025-02-14 09:55:28.362924+00	2025-03-12 05:17:08.417641+00	2	\N
11	Департамент капитального строительства	ДКС		<p>fgg</p>\r\n	t	2025-02-20 04:55:13.940513+00	2025-03-12 05:19:00.365168+00	2	4
\.


--
-- Data for Name: app_struct_employee; Type: TABLE DATA; Schema: public; Owner: umzruser
--

COPY public.app_struct_employee (id, name, surname, patronymic, post, phone, email, avatar, is_director, date_birth, contacts, note, created_at, updated_at, company_id, division_id, user_id) FROM stdin;
1	Анастасия	Шевченко	Сергеевна	Ведущий специалист	89045525072	Shevchenko.AS@gazprom-neft.ru		f	2000-05-16			2025-02-14 10:51:42.668791+00	2025-02-14 10:51:42.668809+00	2	1	3
2	Евгений	Горбунов	Александрович	Начальник управления маркшейдерско-землеустроительных работ - Главный маркшейдер	89218073197	Gorbunov.EAL@gazprom-neft.ru		t	1978-12-30			2025-02-14 10:53:40.76294+00	2025-02-14 10:53:40.762955+00	2	1	2
3	Александр	Федоров	Геннадьевич	Главный специалист по маркшейдерско-геодезическим работам	89990418191	fedorov.agen@gazprom-neft.ru		f	1976-04-11			2025-02-14 11:00:32.680393+00	2025-02-14 11:00:32.680406+00	2	1	7
4	Михаил	Горев	Андреевич	Главный специалист по маркшейдерско-геодезическим работам	89088828760	gorev.ma@gazprom-neft.ru		f	1988-02-26			2025-02-14 11:01:34.742129+00	2025-02-14 11:01:34.742165+00	2	1	5
5	Александр	Хохлов	Алексеевич	Руководитель направления по маркшейдерским работам	89224608480	khokhlov.aa@yamal.gazprom-neft.ru		t	1975-12-28			2025-02-14 11:02:43.139342+00	2025-02-14 11:02:43.139359+00	2	1	6
6	Ильнур	Расулов	Фанурович	Руководитель направления по землеустроительным работам	89818355910	Rasulov.IF@gazprom-neft.ru		t	1993-11-14			2025-02-14 11:04:01.63467+00	2025-02-14 11:04:01.634682+00	2	1	4
\.


--
-- Data for Name: app_struct_facility; Type: TABLE DATA; Schema: public; Owner: umzruser
--

COPY public.app_struct_facility (id, name, count, length, square, note, actual, created_at, updated_at, gis, gist, parent_id, type_id, license_id) FROM stdin;
1	ВБХ со складом ГСМ	\N	\N	\N		t	2025-02-14 10:15:19.406054+00	2025-02-14 10:15:19.40607+00	\N	\N	\N	\N	1
2	Причал Готовкина	\N	\N	\N		t	2025-02-14 10:15:38.746352+00	2025-02-14 10:15:38.746369+00	\N	\N	\N	\N	1
4	Скважина 178ПО	\N	\N	\N		t	2025-02-14 10:16:00.627785+00	2025-02-14 10:17:12.897722+00	\N	\N	\N	1	1
3	Скважина 198ПО	\N	\N	\N		t	2025-02-14 10:15:48.217474+00	2025-02-14 10:17:19.137694+00	\N	\N	\N	1	1
5	Автодорога (РГА)	\N	\N	\N		t	2025-02-14 10:20:18.163727+00	2025-02-14 10:20:18.163743+00	\N	\N	\N	3	9
6	Площадка ПК0	\N	\N	\N		t	2025-02-14 10:21:04.429299+00	2025-02-14 10:21:04.429314+00	\N	\N	5	2	9
7	Автодорога на ЛУ (в объезд водотоков)	\N	\N	\N		t	2025-02-14 10:22:25.124737+00	2025-02-14 10:22:25.124756+00	\N	\N	\N	3	9
8	Скважина 3ПО	\N	\N	\N		t	2025-02-14 10:22:38.994508+00	2025-02-14 10:22:38.994524+00	\N	\N	\N	1	9
9	Скважина 2ПО	\N	\N	\N		t	2025-02-14 10:23:00.083319+00	2025-02-14 10:23:00.083334+00	\N	\N	\N	1	9
10	Скважина 1ПО	\N	\N	\N		t	2025-02-14 10:23:15.129369+00	2025-02-14 10:23:15.129387+00	\N	\N	\N	1	9
12	Скважина 1ПО	\N	\N	\N		t	2025-02-14 10:32:02.149373+00	2025-02-14 10:32:02.14939+00	\N	\N	\N	1	8
13	Скважина 201	\N	\N	\N		t	2025-02-14 10:42:12.109025+00	2025-02-14 10:42:12.109041+00	\N	\N	\N	1	5
14	Скважина КМ-1	\N	\N	\N		t	2025-02-14 10:42:42.864038+00	2025-02-14 10:42:42.864056+00	\N	\N	\N	1	12
15	Скважина КМ-5-1NEW	\N	\N	\N		t	2025-02-14 10:42:57.313585+00	2025-02-14 10:42:57.3136+00	\N	\N	\N	1	12
16	Скважина КМ-4-БИС	\N	\N	\N		t	2025-02-14 10:43:07.114582+00	2025-02-14 10:43:07.114599+00	\N	\N	\N	1	12
17	Скважина КМ-4	\N	\N	\N		t	2025-02-14 10:43:18.351021+00	2025-02-14 10:43:18.351037+00	\N	\N	\N	1	12
18	Участок СРР 24-25	\N	\N	\N		t	2025-02-14 10:43:56.429693+00	2025-02-14 10:43:56.429706+00	\N	\N	\N	\N	11
19	Скважина 351	\N	\N	\N		t	2025-02-14 10:44:30.120842+00	2025-02-14 10:44:30.120878+00	\N	\N	\N	1	7
20	Скважина 341	\N	\N	\N		t	2025-02-14 10:44:49.492264+00	2025-02-14 10:44:49.492281+00	\N	\N	\N	1	7
21	Скважина 262	\N	\N	\N		t	2025-02-14 10:45:34.07018+00	2025-02-14 10:45:34.070196+00	\N	\N	\N	1	2
22	Участок СРР 24-25 (КМНС)	\N	\N	\N		t	2025-02-14 10:46:08.475587+00	2025-02-14 10:46:08.475604+00	\N	\N	\N	\N	10
23	Участок СРР 24-25	\N	\N	\N		t	2025-02-14 10:46:24.658435+00	2025-02-14 10:46:24.658462+00	\N	\N	\N	\N	10
24	Скважина 22	\N	\N	\N		t	2025-02-14 10:46:46.628223+00	2025-02-14 10:46:46.628239+00	\N	\N	\N	1	13
25	ПРБ №21 на ИгнЛУ	\N	\N	\N		t	2025-02-14 10:46:59.901446+00	2025-02-14 10:46:59.901462+00	\N	\N	\N	1	13
26	Скважина САЛ-3П	\N	\N	\N		t	2025-02-14 10:47:31.596018+00	2025-02-14 10:47:31.596034+00	\N	\N	\N	1	12
28	Амбар	\N	\N	\N		t	2025-02-14 10:48:47.200667+00	2025-02-14 10:48:47.200684+00	\N	\N	27	\N	4
29	Скважина 342	\N	\N	\N		t	2025-02-14 10:49:29.0643+00	2025-02-14 10:49:29.064317+00	\N	\N	\N	1	6
30	Дорога от 401	\N	\N	\N		t	2025-02-14 10:49:49.348317+00	2025-02-14 10:49:49.34834+00	\N	\N	29	3	6
31	Дорога перемычка от 341 до 342	\N	\N	\N		t	2025-02-14 10:50:04.067067+00	2025-02-14 10:50:04.067083+00	\N	\N	29	3	6
32	Дорога	\N	\N	\N		t	2025-02-14 10:50:17.172334+00	2025-02-14 10:50:17.172351+00	\N	\N	29	3	6
11	Автозимник на ЛУ	\N	\N	\N	<p>rrfgdfg</p>\r\n	t	2025-02-14 10:25:21.334293+00	2025-03-05 13:51:28.117073+00	\N	\N	\N	4	8
27	Скважина 401	\N	\N	\N	<p>dfdfdf</p>\r\n	t	2025-02-14 10:48:20.512849+00	2025-03-12 05:35:43.350249+00	\N	\N	\N	1	4
\.


--
-- Data for Name: app_struct_facilitytype; Type: TABLE DATA; Schema: public; Owner: umzruser
--

COPY public.app_struct_facilitytype (id, name) FROM stdin;
1	Скважина
2	Площадка
3	Автодорога
4	Автозимник
\.


--
-- Data for Name: app_struct_license; Type: TABLE DATA; Schema: public; Owner: umzruser
--

COPY public.app_struct_license (id, name, dt_start, dt_end, doc, note, actual, created_at, updated_at, gis, owner_id) FROM stdin;
1	Лескинский (КРР169-19НР)	2021-10-27	2045-11-30			t	2025-02-14 10:01:16.038743+00	2025-02-14 10:01:16.038761+00	\N	5
2	Ямбургский	1990-01-01	2100-01-01			t	2025-02-14 10:01:58.815782+00	2025-02-14 10:01:58.815799+00	\N	7
3	Первомайский (ОРБ03329НР)	2019-11-27	2044-11-15			t	2025-02-14 10:02:51.950085+00	2025-02-14 10:02:51.9501+00	\N	1
5	Надеждинский (ОРБ03164НР)	2019-02-04	2044-01-20			t	2025-02-14 10:04:44.637665+00	2025-02-14 10:04:44.637677+00	\N	1
7	Солнечный (ОРБ03351НР)	2021-03-22	2036-02-08			t	2025-02-14 10:05:31.551717+00	2025-02-14 10:05:31.551733+00	\N	1
8	Южно-Новопортовский (СЛХ02550НП)	2018-04-20	2028-12-31			t	2025-02-14 10:05:57.029286+00	2025-02-14 10:05:57.029301+00	\N	1
9	Северо-Ямбургский	2020-02-17	2045-02-16			t	2025-02-14 10:06:27.275876+00	2025-02-14 10:06:27.27589+00	\N	1
10	Холмогорский (ХМН02310НЭ)	2008-10-07	2065-12-31			t	2025-02-14 10:07:00.182935+00	2025-02-14 10:07:00.182951+00	\N	3
11	Холмогорский (СЛХ02125НЭ)	2008-06-19	2065-12-31			t	2025-02-14 10:07:28.170735+00	2025-02-14 10:07:28.17075+00	\N	3
12	Оморинский (КРР169-24НР)	2021-11-15	2030-12-31			t	2025-02-14 10:08:02.099686+00	2025-02-14 10:08:02.099701+00	\N	4
13	Игнялинский	2024-06-06	2024-06-06			t	2025-02-14 10:08:42.629569+00	2025-02-20 04:51:46.326267+00	\N	8
14	Вакунайский	2025-02-20	2025-02-20			t	2025-02-20 09:21:29.950243+00	2025-02-20 09:23:02.323888+00	\N	8
6	Корнаваринский (ОРБ03162НР)	2019-02-04	2044-01-20		<p>gjj</p>\r\n	t	2025-02-14 10:05:09.835692+00	2025-03-06 06:48:00.397827+00	\N	1
4	Западно-Рубеженский (ОРБ03163НР)	2019-02-04	2044-01-20	doc/license/basic-text.pdf	<p>dfdfdffffffffefdfdfdfdfdffdgg</p>\r\n	t	2025-02-14 10:04:07.075392+00	2025-03-12 05:30:19.1044+00	\N	1
\.


--
-- Data for Name: auth_group; Type: TABLE DATA; Schema: public; Owner: umzruser
--

COPY public.auth_group (id, name) FROM stdin;
\.


--
-- Data for Name: auth_group_permissions; Type: TABLE DATA; Schema: public; Owner: umzruser
--

COPY public.auth_group_permissions (id, group_id, permission_id) FROM stdin;
\.


--
-- Data for Name: auth_permission; Type: TABLE DATA; Schema: public; Owner: umzruser
--

COPY public.auth_permission (id, name, content_type_id, codename) FROM stdin;
1	Can add log entry	1	add_logentry
2	Can change log entry	1	change_logentry
3	Can delete log entry	1	delete_logentry
4	Can view log entry	1	view_logentry
5	Can add permission	2	add_permission
6	Can change permission	2	change_permission
7	Can delete permission	2	delete_permission
8	Can view permission	2	view_permission
9	Can add group	3	add_group
10	Can change group	3	change_group
11	Can delete group	3	delete_group
12	Can view group	3	view_group
13	Can add user	4	add_user
14	Can change user	4	change_user
15	Can delete user	4	delete_user
16	Can view user	4	view_user
17	Can add content type	5	add_contenttype
18	Can change content type	5	change_contenttype
19	Can delete content type	5	delete_contenttype
20	Can view content type	5	view_contenttype
21	Can add session	6	add_session
22	Can change session	6	change_session
23	Can delete session	6	delete_session
24	Can view session	6	view_session
25	Can add Компания	7	add_company
26	Can change Компания	7	change_company
27	Can delete Компания	7	delete_company
28	Can view Компания	7	view_company
29	Can add Подразделение	8	add_division
30	Can change Подразделение	8	change_division
31	Can delete Подразделение	8	delete_division
32	Can view Подразделение	8	view_division
33	Can add Пользователь	9	add_employee
34	Can change Пользователь	9	change_employee
35	Can delete Пользователь	9	delete_employee
36	Can view Пользователь	9	view_employee
37	Can add Лицензия	10	add_license
38	Can change Лицензия	10	change_license
39	Can delete Лицензия	10	delete_license
40	Can view Лицензия	10	view_license
41	Can add Объект	11	add_facility
42	Can change Объект	11	change_facility
43	Can delete Объект	11	delete_facility
44	Can view Объект	11	view_facility
45	Can add Тип объекта	12	add_facilitytype
46	Can change Тип объекта	12	change_facilitytype
47	Can delete Тип объекта	12	delete_facilitytype
48	Can view Тип объекта	12	view_facilitytype
49	Can add Контрагент	13	add_contractor
50	Can change Контрагент	13	change_contractor
51	Can delete Контрагент	13	delete_contractor
52	Can view Контрагент	13	view_contractor
53	Can add Документ	14	add_document
54	Can change Документ	14	change_document
55	Can delete Документ	14	delete_document
56	Can view Документ	14	view_document
57	Can add Тип файла	15	add_filetype
58	Can change Тип файла	15	change_filetype
59	Can delete Тип файла	15	delete_filetype
60	Can view Тип файла	15	view_filetype
61	Can add Договор	16	add_contract
62	Can change Договор	16	change_contract
63	Can delete Договор	16	delete_contract
64	Can view Договор	16	view_contract
65	Can add Бизнес план	17	add_businessplan
66	Can change Бизнес план	17	change_businessplan
67	Can delete Бизнес план	17	delete_businessplan
68	Can view Бизнес план	17	view_businessplan
69	Can add Статья затрат	18	add_businessplancostitem
70	Can change Статья затрат	18	change_businessplancostitem
71	Can delete Статья затрат	18	delete_businessplancostitem
72	Can view Статья затрат	18	view_businessplancostitem
73	Can add Объект в Бизнес плане	19	add_businessplanfacility
74	Can change Объект в Бизнес плане	19	change_businessplanfacility
75	Can delete Объект в Бизнес плане	19	delete_businessplanfacility
76	Can view Объект в Бизнес плане	19	view_businessplanfacility
77	Can add Этап	20	add_projectstage
78	Can change Этап	20	change_projectstage
79	Can delete Этап	20	delete_projectstage
80	Can view Этап	20	view_projectstage
81	Can add Строка в бизнес плане	21	add_businessplanstr
82	Can change Строка в бизнес плане	21	change_businessplanstr
83	Can delete Строка в бизнес плане	21	delete_businessplanstr
84	Can view Строка в бизнес плане	21	view_businessplanstr
85	Can add Произодство	22	add_bptask
86	Can change Произодство	22	change_bptask
87	Can delete Произодство	22	delete_bptask
88	Can view Произодство	22	view_bptask
89	Can add Планируемая оплата	23	add_paymentbptask
90	Can change Планируемая оплата	23	change_paymentbptask
91	Can delete Планируемая оплата	23	delete_paymentbptask
92	Can view Планируемая оплата	23	view_paymentbptask
93	Can add Проект	24	add_project
94	Can change Проект	24	change_project
95	Can delete Проект	24	delete_project
96	Can view Проект	24	view_project
97	Can add Комментарий	25	add_comment
98	Can change Комментарий	25	change_comment
99	Can delete Комментарий	25	delete_comment
100	Can view Комментарий	25	view_comment
\.


--
-- Data for Name: auth_user; Type: TABLE DATA; Schema: public; Owner: umzruser
--

COPY public.auth_user (id, password, last_login, is_superuser, username, first_name, last_name, email, is_staff, is_active, date_joined) FROM stdin;
2	pbkdf2_sha256$600000$EMN5mWYKLMB0nnW8Ij86iU$dF6l7n9oR8q6m9n2o4oqwE748yUDWf/0djCGtuds69U=	2025-02-14 09:22:05.87904+00	f	Dax				t	t	2025-01-27 11:44:44+00
4	pbkdf2_sha256$600000$1a2sV4CC6qt6xgHLCjxSkN$8MAfXhTzEbYJk/HS8Q9NlhcBc4eUjzlnayz7ZzjZnoU=	\N	f	Rasulov.IF				f	t	2025-02-14 10:54:59.759437+00
5	pbkdf2_sha256$600000$hEokNgU3EQWSrhqWQ8gROC$8+XBOLql2mYBoOVXeovdwoY/b409jd62Pj5JSvb598U=	\N	f	Gorev.MA				f	t	2025-02-14 10:55:49.9601+00
6	pbkdf2_sha256$600000$bJveJ1hc9h20FYrPoYbjKm$jr/++1FmXBEH+nJFdIRorYXbxcFzVXo/dSEfoDlReuI=	\N	f	Khokhlov.AA				f	t	2025-02-14 10:58:04.62375+00
7	pbkdf2_sha256$600000$8u8o7ykSzMIapHhAsXZbS4$Qt1aqp6mW3rq+tKxWuWcCKBZFwGvqCz0eFvnHsbvXkM=	\N	f	Fedorov.AG				f	t	2025-02-14 10:58:36.777305+00
1	pbkdf2_sha256$600000$mw0XzC0RsYaNpmB7qRxY4w$BmmlhYFrAvMLFOmda8Rzhe7TYh5BRLnvL+WM0T7Ppx4=	2025-03-25 12:37:42.841422+00	t	umzr			umzr@umzr.ru	t	t	2025-01-17 09:41:22.957938+00
3	pbkdf2_sha256$600000$nXhLFwFem0yQFMS0SsEjqf$KJc+KU/QbgLbbnHcUBdyERZHPcIfsKfWy+kCUFb0mSo=	2025-03-31 09:50:06.496898+00	t	Shevchenko.AS				t	t	2025-01-27 11:46:34+00
\.


--
-- Data for Name: auth_user_groups; Type: TABLE DATA; Schema: public; Owner: umzruser
--

COPY public.auth_user_groups (id, user_id, group_id) FROM stdin;
\.


--
-- Data for Name: auth_user_user_permissions; Type: TABLE DATA; Schema: public; Owner: umzruser
--

COPY public.auth_user_user_permissions (id, user_id, permission_id) FROM stdin;
\.


--
-- Data for Name: django_admin_log; Type: TABLE DATA; Schema: public; Owner: umzruser
--

COPY public.django_admin_log (id, action_time, object_id, object_repr, action_flag, change_message, content_type_id, user_id) FROM stdin;
1	2025-01-27 06:33:47.38074+00	1	ГПН ПАО	1	[{"added": {}}]	7	1
2	2025-01-27 06:34:30.779725+00	2	ГПН-ГЕО ООО	1	[{"added": {}}]	7	1
3	2025-01-27 07:43:02.749913+00	1	УМЗР (ГПН-ГЕО ООО)	1	[{"added": {}}]	8	1
4	2025-01-27 08:09:35.63928+00	2	КТЗ (ГПН-ГЕО ООО)	1	[{"added": {}}]	8	1
5	2025-01-27 10:04:07.98819+00	3	ППЯЕ (ГПН-ГЕО ООО)	1	[{"added": {}}]	8	1
6	2025-01-27 10:35:58.562716+00	1	Севрюков Денис Александрович (Руководитель программы проектов ГПН-ГЕО ООО)	1	[{"added": {}}]	9	1
7	2025-01-27 10:38:15.764127+00	2	Николаев Максим Николаевич (Исполнительный директор ГПН-ГЕО ООО)	1	[{"added": {}}]	9	1
8	2025-01-27 10:44:41.112759+00	3	Клиценко Георгий Витальевич (Заместитель руководителя программы проектов по инжинирингу и проектной деятельности ГПН-ГЕО ООО)	1	[{"added": {}}]	9	1
9	2025-01-27 11:44:44.918885+00	2	Dax	1	[{"added": {}}]	4	1
10	2025-01-27 11:45:36.770152+00	2	Dax	2	[{"changed": {"fields": ["Staff status", "Superuser status"]}}]	4	1
11	2025-01-27 11:46:35.315321+00	3	Shevchenko.AS	1	[{"added": {}}]	4	1
12	2025-01-27 11:46:42.799994+00	3	Shevchenko.AS	2	[{"changed": {"fields": ["Staff status", "Superuser status"]}}]	4	1
13	2025-01-27 11:48:45.01712+00	4	Шевченко Анастасия Сергеевна (Ведущий специалист ГПН-ГЕО ООО)	1	[{"added": {}}]	9	1
14	2025-01-27 11:50:19.113399+00	5	Горбунов Евгений Александрович (Начальник управления - Главный маркшейдер ГПН-ГЕО ООО)	1	[{"added": {}}]	9	1
15	2025-01-27 12:35:30.369584+00	3	ГЭ ООО	1	[{"added": {}}]	7	1
16	2025-01-27 12:38:01.224087+00	1	Лескинский (КРР16919НР)	1	[{"added": {}}]	10	1
17	2025-01-27 12:44:13.076627+00	2	Пухуцаяхский (СЛХ16916НР)	1	[{"added": {}}]	10	1
18	2025-01-28 07:58:21.9231+00	1	Скважина 198ПО (None)	1	[{"added": {}}]	11	1
19	2025-02-03 05:42:22.679797+00	1	FacilityType object (1)	1	[{"added": {}}]	12	1
20	2025-02-03 05:43:04.219526+00	2	Площадка	1	[{"added": {}}]	12	1
21	2025-02-03 05:43:22.148129+00	3	Поисково-разведочная скважина	1	[{"added": {}}]	12	1
22	2025-02-03 05:43:41.179482+00	1	Скважина 198ПО (None)	2	[{"changed": {"fields": ["\\u0422\\u0438\\u043f \\u043e\\u0431\\u044a\\u0435\\u043a\\u0442\\u0430"]}}]	11	1
23	2025-02-14 09:20:54.926978+00	2	Dax	2	[{"changed": {"fields": ["Superuser status"]}}]	4	1
24	2025-02-14 09:49:27.523376+00	1	ПАО-ГПН	1	[{"added": {}}]	7	1
25	2025-02-14 09:49:50.805774+00	2	ГПН-ГЕО	1	[{"added": {}}]	7	1
26	2025-02-14 09:50:26.79712+00	3	ГПН-ННГ	1	[{"added": {}}]	7	1
27	2025-02-14 09:51:12.536898+00	4	Энерком	1	[{"added": {}}]	7	1
28	2025-02-14 09:51:32.425523+00	5	Гыдан-Энерджи	1	[{"added": {}}]	7	1
29	2025-02-14 09:52:12.664009+00	6	ГПН-Ямал	1	[{"added": {}}]	7	1
30	2025-02-14 09:52:26.509702+00	1	ПАО ГПН	2	[{"changed": {"fields": ["\\u041d\\u0430\\u0438\\u043c\\u0435\\u043d\\u043e\\u0432\\u0430\\u043d\\u0438\\u0435"]}}]	7	1
31	2025-02-14 09:53:26.156881+00	7	ГДЯ	1	[{"added": {}}]	7	1
32	2025-02-14 09:54:40.610535+00	1	УМЗР (ГПН-ГЕО)	1	[{"added": {}}]	8	1
33	2025-02-14 09:55:15.111974+00	2	КТЗиВС (ГПН-ГЕО)	1	[{"added": {}}]	8	1
34	2025-02-14 09:55:28.363863+00	3	КБА (ГПН-ГЕО)	1	[{"added": {}}]	8	1
35	2025-02-14 09:55:43.358905+00	4	БГИ (ГПН-ГЕО)	1	[{"added": {}}]	8	1
36	2025-02-14 09:55:54.174495+00	5	БПБ (ГПН-ГЕО)	1	[{"added": {}}]	8	1
37	2025-02-14 09:56:23.405756+00	6	ЦРГ (ГПН-ГЕО)	1	[{"added": {}}]	8	1
38	2025-02-14 10:01:16.041397+00	1	Лескинский (КРР169-19НР)	1	[{"added": {}}]	10	1
39	2025-02-14 10:01:58.816868+00	2	Ямбургский	1	[{"added": {}}]	10	1
40	2025-02-14 10:02:51.951167+00	3	Первомайский (ОРБ03329НР)	1	[{"added": {}}]	10	1
41	2025-02-14 10:04:07.076343+00	4	Западно-Рубеженский (ОРБ03163НР)	1	[{"added": {}}]	10	1
42	2025-02-14 10:04:44.638434+00	5	Надеждинский (ОРБ03164НР)	1	[{"added": {}}]	10	1
43	2025-02-14 10:05:09.837044+00	6	Корнаваринский (ОРБ03162НР)	1	[{"added": {}}]	10	1
44	2025-02-14 10:05:31.55279+00	7	Солнечный (ОРБ03351НР)	1	[{"added": {}}]	10	1
45	2025-02-14 10:05:57.030349+00	8	Южно-Новопортовский (СЛХ02550НП)	1	[{"added": {}}]	10	1
46	2025-02-14 10:06:27.277001+00	9	Северо-Ямбургский	1	[{"added": {}}]	10	1
47	2025-02-14 10:07:00.183961+00	10	Холмогорский (ХМН02310НЭ)	1	[{"added": {}}]	10	1
48	2025-02-14 10:07:28.171764+00	11	Холмогорский (СЛХ02125НЭ)	1	[{"added": {}}]	10	1
49	2025-02-14 10:08:02.100712+00	12	Оморинский (КРР169-24НР)	1	[{"added": {}}]	10	1
50	2025-02-14 10:08:42.630573+00	13	Игнялинский	1	[{"added": {}}]	10	1
51	2025-02-14 10:15:19.408389+00	1	ВБХ со складом ГСМ (Лескинский (КРР169-19НР))	1	[{"added": {}}]	11	1
52	2025-02-14 10:15:38.747654+00	2	Причал Готовкина (Лескинский (КРР169-19НР))	1	[{"added": {}}]	11	1
53	2025-02-14 10:15:48.219069+00	3	Скважина 198ПО (Лескинский (КРР169-19НР))	1	[{"added": {}}]	11	1
54	2025-02-14 10:16:00.628838+00	4	Скважина 178ПО (Лескинский (КРР169-19НР))	1	[{"added": {}}]	11	1
55	2025-02-14 10:16:14.588289+00	1	Скважина	1	[{"added": {}}]	12	1
56	2025-02-14 10:16:22.679908+00	2	Площадка	1	[{"added": {}}]	12	1
57	2025-02-14 10:16:34.272015+00	3	Автодорога	1	[{"added": {}}]	12	1
58	2025-02-14 10:17:12.899482+00	4	Скважина 178ПО (Лескинский (КРР169-19НР))	2	[{"changed": {"fields": ["\\u0422\\u0438\\u043f \\u043e\\u0431\\u044a\\u0435\\u043a\\u0442\\u0430"]}}]	11	1
59	2025-02-14 10:17:19.139042+00	3	Скважина 198ПО (Лескинский (КРР169-19НР))	2	[{"changed": {"fields": ["\\u0422\\u0438\\u043f \\u043e\\u0431\\u044a\\u0435\\u043a\\u0442\\u0430"]}}]	11	1
60	2025-02-14 10:20:18.165136+00	5	Автодорога (РГА) (Северо-Ямбургский)	1	[{"added": {}}]	11	1
61	2025-02-14 10:21:04.430118+00	6	Площадка ПК0 (Северо-Ямбургский)	1	[{"added": {}}]	11	1
62	2025-02-14 10:22:25.12589+00	7	Автодорога на ЛУ (в объезд водотоков) (Северо-Ямбургский)	1	[{"added": {}}]	11	1
63	2025-02-14 10:22:38.995619+00	8	Скважина 3ПО (Северо-Ямбургский)	1	[{"added": {}}]	11	1
64	2025-02-14 10:23:00.08454+00	9	Скважина 2ПО (Северо-Ямбургский)	1	[{"added": {}}]	11	1
65	2025-02-14 10:23:15.130493+00	10	Скважина 1ПО (Северо-Ямбургский)	1	[{"added": {}}]	11	1
66	2025-02-14 10:24:27.82005+00	4	Автозимник	1	[{"added": {}}]	12	1
67	2025-02-14 10:25:21.335373+00	11	Автозимник на ЛУ (Южно-Новопортовский (СЛХ02550НП))	1	[{"added": {}}]	11	1
68	2025-02-14 10:32:02.150818+00	12	Скважина 1ПО (Южно-Новопортовский (СЛХ02550НП))	1	[{"added": {}}]	11	1
69	2025-02-14 10:42:12.110062+00	13	Скважина 201 (Надеждинский (ОРБ03164НР))	1	[{"added": {}}]	11	1
70	2025-02-14 10:42:42.865662+00	14	Скважина КМ-1 (Оморинский (КРР169-24НР))	1	[{"added": {}}]	11	1
71	2025-02-14 10:42:57.314715+00	15	Скважина КМ-5-1NEW (Оморинский (КРР169-24НР))	1	[{"added": {}}]	11	1
72	2025-02-14 10:43:07.115783+00	16	Скважина КМ-4-БИС (Оморинский (КРР169-24НР))	1	[{"added": {}}]	11	1
73	2025-02-14 10:43:18.352211+00	17	Скважина КМ-4 (Оморинский (КРР169-24НР))	1	[{"added": {}}]	11	1
74	2025-02-14 10:43:56.430517+00	18	Участок СРР 24-25 (Холмогорский (СЛХ02125НЭ))	1	[{"added": {}}]	11	1
75	2025-02-14 10:44:30.122545+00	19	Скважина 351 (Солнечный (ОРБ03351НР))	1	[{"added": {}}]	11	1
76	2025-02-14 10:44:49.49338+00	20	Скважина 341 (Солнечный (ОРБ03351НР))	1	[{"added": {}}]	11	1
77	2025-02-14 10:45:34.07149+00	21	Скважина 262 (Ямбургский)	1	[{"added": {}}]	11	1
78	2025-02-14 10:46:08.476815+00	22	Участок СРР 24-25 (КМНС) (Холмогорский (ХМН02310НЭ))	1	[{"added": {}}]	11	1
79	2025-02-14 10:46:24.659609+00	23	Участок СРР 24-25 (Холмогорский (ХМН02310НЭ))	1	[{"added": {}}]	11	1
80	2025-02-14 10:46:46.629363+00	24	Скважина 22 (Игнялинский)	1	[{"added": {}}]	11	1
81	2025-02-14 10:46:59.902483+00	25	ПРБ №21 на ИгнЛУ (Игнялинский)	1	[{"added": {}}]	11	1
82	2025-02-14 10:47:31.597304+00	26	Скважина САЛ-3П (Оморинский (КРР169-24НР))	1	[{"added": {}}]	11	1
83	2025-02-14 10:48:20.513985+00	27	Скважина 401 (Западно-Рубеженский (ОРБ03163НР))	1	[{"added": {}}]	11	1
84	2025-02-14 10:48:47.201832+00	28	Амбар (Западно-Рубеженский (ОРБ03163НР))	1	[{"added": {}}]	11	1
85	2025-02-14 10:49:29.065458+00	29	Скважина 342 (Корнаваринский (ОРБ03162НР))	1	[{"added": {}}]	11	1
86	2025-02-14 10:49:49.349551+00	30	Дорога от 401 (Корнаваринский (ОРБ03162НР))	1	[{"added": {}}]	11	1
87	2025-02-14 10:50:04.068256+00	31	Дорога перемычка от 341 до 342 (Корнаваринский (ОРБ03162НР))	1	[{"added": {}}]	11	1
88	2025-02-14 10:50:17.173361+00	32	Дорога (Корнаваринский (ОРБ03162НР))	1	[{"added": {}}]	11	1
89	2025-02-14 10:51:42.671973+00	1	Шевченко Анастасия Сергеевна (Ведущий специалист ГПН-ГЕО)	1	[{"added": {}}]	9	1
90	2025-02-14 10:53:40.76424+00	2	Горбунов Евгений Александрович (Начальник управления маркшейдерско-землеустроительных работ - Главный маркшейдер ГПН-ГЕО)	1	[{"added": {}}]	9	1
91	2025-02-14 10:55:00.225778+00	4	Rasulov.IF	1	[{"added": {}}]	4	1
92	2025-02-14 10:55:50.417512+00	5	Gorev.MA	1	[{"added": {}}]	4	1
93	2025-02-14 10:58:05.076953+00	6	Khokhlov.AA	1	[{"added": {}}]	4	1
94	2025-02-14 10:58:37.244364+00	7	Fedorov.AG	1	[{"added": {}}]	4	1
95	2025-02-14 11:00:32.681621+00	3	Федоров Александр Геннадьевич (Главный специалист по маркшейдерско-геодезическим работам ГПН-ГЕО)	1	[{"added": {}}]	9	1
96	2025-02-14 11:01:34.74307+00	4	Горев Михаил Андреевич (Главный специалист по маркшейдерско-геодезическим работам ГПН-ГЕО)	1	[{"added": {}}]	9	1
97	2025-02-14 11:02:43.14055+00	5	Хохлов Александр Алексеевич (Руководитель направления по маркшейдерским работам ГПН-ГЕО)	1	[{"added": {}}]	9	1
98	2025-02-14 11:04:01.635651+00	6	Расулов Ильнур Фанурович (Руководитель направления по землеустроительным работам ГПН-ГЕО)	1	[{"added": {}}]	9	1
99	2025-02-14 11:09:18.131202+00	1	ЧОНА (Кластер "Традиционные запасы и Восточная Сибирь" - ГПН-ГЕО)	1	[{"added": {}}]	24	1
100	2025-02-14 11:09:49.765884+00	2	Оморинка (Кластер "Традиционные запасы и Восточная Сибирь" - ГПН-ГЕО)	1	[{"added": {}}]	24	1
101	2025-02-14 11:10:23.562872+00	3	Енисей (Кластер "Традиционные запасы и Восточная Сибирь" - ГПН-ГЕО)	1	[{"added": {}}]	24	1
102	2025-02-14 11:12:26.607131+00	4	Титан (Кластер "Большая Ачимовка" - ГПН-ГЕО)	1	[{"added": {}}]	24	1
103	2025-02-14 11:12:52.130797+00	5	Южный Ямал (Кластер "Традиционные запасы и Восточная Сибирь" - ГПН-ГЕО)	1	[{"added": {}}]	24	1
104	2025-02-14 11:13:22.476199+00	6	Южный Оренбург (Кластер "Традиционные запасы и Восточная Сибирь" - ГПН-ГЕО)	1	[{"added": {}}]	24	1
105	2025-02-14 11:13:57.06751+00	7	Холмогоры (Кластер "Традиционные запасы и Восточная Сибирь" - ГПН-ГЕО)	1	[{"added": {}}]	24	1
106	2025-02-14 11:14:54.204124+00	1	Аренда земли	1	[{"added": {}}]	18	1
107	2025-02-14 11:15:00.455029+00	2	Выполнение ЗУР	1	[{"added": {}}]	18	1
108	2025-02-18 04:45:33.602209+00	7	БКК (ПАО ГПН)	1	[{"added": {}}]	8	1
109	2025-02-18 04:57:01.437791+00	8	УРР (ПАО ГПН)	1	[{"added": {}}]	8	1
110	2025-02-18 05:22:45.804043+00	9	ОРРВ (ПАО ГПН)	1	[{"added": {}}]	8	1
111	2025-02-18 10:05:32.098896+00	1	ГПН ПАО	2	[{"changed": {"fields": ["\\u041d\\u0430\\u0438\\u043c\\u0435\\u043d\\u043e\\u0432\\u0430\\u043d\\u0438\\u0435", "\\u041b\\u043e\\u0433\\u043e\\u0442\\u0438\\u043f"]}}]	7	1
112	2025-02-20 04:13:01.447501+00	10	ОЭБ (ГПН-ГЕО)	1	[{"added": {}}]	8	1
113	2025-02-20 04:14:24.571817+00	10	ОЭБ (ГПН-ГЕО)	2	[]	8	1
114	2025-02-20 04:51:09.554477+00	8	ГПН-Ангара ООО	1	[{"added": {}}]	7	1
115	2025-02-20 04:51:30.900191+00	8	ГПН-Ангара	2	[{"changed": {"fields": ["\\u041d\\u0430\\u0438\\u043c\\u0435\\u043d\\u043e\\u0432\\u0430\\u043d\\u0438\\u0435"]}}]	7	1
116	2025-02-20 04:51:40.371729+00	13	Игнялинский	2	[{"changed": {"fields": ["\\u0412\\u043b\\u0430\\u0434\\u0435\\u043b\\u0435\\u0446"]}}]	10	1
117	2025-02-20 04:51:46.327672+00	13	Игнялинский	2	[]	10	1
118	2025-02-20 04:53:05.859215+00	8	ГПН-Ангара	2	[{"changed": {"fields": ["\\u041f\\u043e\\u043b\\u043d\\u043e\\u0435 \\u043d\\u0430\\u0438\\u043c\\u0435\\u043d\\u043e\\u0432\\u0430\\u043d\\u0438\\u0435"]}}]	7	1
119	2025-02-20 04:55:13.941303+00	11	ДКС (ГПН-ГЕО)	1	[{"added": {}}]	8	1
120	2025-02-20 04:55:40.915083+00	12	УКС (ГПН-ГЕО)	1	[{"added": {}}]	8	1
121	2025-02-20 04:56:12.892489+00	13	УПИР (ГПН-ГЕО)	1	[{"added": {}}]	8	1
122	2025-02-20 09:11:04.927591+00	8	Чона-2 (Кластер "Традиционные запасы и Восточная Сибирь" - ГПН-ГЕО)	1	[{"added": {}}]	24	1
123	2025-02-20 09:11:18.128982+00	8	Чона-2 (Кластер "Традиционные запасы и Восточная Сибирь" - ГПН-ГЕО)	2	[{"changed": {"fields": ["\\u0410\\u043a\\u0442\\u0443\\u0430\\u043b\\u044c\\u043d\\u043e"]}}]	24	1
124	2025-02-20 09:12:13.556782+00	8	Чона-2 (Кластер "Традиционные запасы и Восточная Сибирь" - ГПН-ГЕО)	2	[{"changed": {"fields": ["\\u0410\\u043a\\u0442\\u0443\\u0430\\u043b\\u044c\\u043d\\u043e"]}}]	24	1
125	2025-02-20 09:17:38.351521+00	8	Чона-2 (Кластер "Традиционные запасы и Восточная Сибирь" - ГПН-ГЕО)	2	[{"changed": {"fields": ["\\u0410\\u043a\\u0442\\u0443\\u0430\\u043b\\u044c\\u043d\\u043e"]}}]	24	1
126	2025-02-20 09:18:45.233401+00	8	Чона-2 (Кластер "Традиционные запасы и Восточная Сибирь" - ГПН-ГЕО)	2	[{"changed": {"fields": ["\\u0410\\u043a\\u0442\\u0443\\u0430\\u043b\\u044c\\u043d\\u043e"]}}]	24	1
127	2025-02-20 09:21:29.952418+00	14	Вакунайская	1	[{"added": {}}]	10	1
128	2025-02-20 09:21:44.169473+00	1	ЧОНА (Кластер "Традиционные запасы и Восточная Сибирь" - ГПН-ГЕО)	2	[{"changed": {"fields": ["\\u041b\\u0438\\u0446\\u0435\\u043d\\u0437\\u0438\\u0438"]}}]	24	1
129	2025-02-20 09:21:50.102324+00	8	Чона-2 (Кластер "Традиционные запасы и Восточная Сибирь" - ГПН-ГЕО)	2	[{"changed": {"fields": ["\\u041b\\u0438\\u0446\\u0435\\u043d\\u0437\\u0438\\u0438"]}}]	24	1
130	2025-02-20 09:22:13.615023+00	8	Чона-2 (Кластер "Традиционные запасы и Восточная Сибирь" - ГПН-ГЕО)	2	[{"changed": {"fields": ["\\u0410\\u043a\\u0442\\u0443\\u0430\\u043b\\u044c\\u043d\\u043e"]}}]	24	1
131	2025-02-20 09:22:53.607418+00	8	Чона-газ (Кластер "Традиционные запасы и Восточная Сибирь" - ГПН-ГЕО)	2	[{"changed": {"fields": ["\\u041d\\u0430\\u0438\\u043c\\u0435\\u043d\\u043e\\u0432\\u0430\\u043d\\u0438\\u0435"]}}]	24	1
132	2025-02-20 09:23:02.325274+00	14	Вакунайский	2	[{"changed": {"fields": ["\\u041d\\u0430\\u0438\\u043c\\u0435\\u043d\\u043e\\u0432\\u0430\\u043d\\u0438\\u0435"]}}]	10	1
133	2025-02-20 09:23:30.911568+00	8	Чона-газ (Кластер "Традиционные запасы и Восточная Сибирь" - ГПН-ГЕО)	2	[{"changed": {"fields": ["\\u0410\\u043a\\u0442\\u0443\\u0430\\u043b\\u044c\\u043d\\u043e"]}}]	24	1
134	2025-02-20 12:27:00.158771+00	2	ГПН-ГЕО	2	[{"changed": {"fields": ["\\u041a\\u043e\\u043d\\u0442\\u0430\\u043a\\u0442\\u044b"]}}]	7	1
135	2025-02-20 12:29:21.820721+00	2	ГПН-ГЕО	2	[{"changed": {"fields": ["\\u041f\\u0440\\u0438\\u043c\\u0435\\u0447\\u0430\\u043d\\u0438\\u0435"]}}]	7	1
136	2025-02-20 12:37:33.576223+00	2	ГПН-ГЕО	2	[{"changed": {"fields": ["\\u041a\\u043e\\u043d\\u0442\\u0430\\u043a\\u0442\\u044b"]}}]	7	1
137	2025-03-06 05:19:48.345167+00	4	Западно-Рубеженский (ОРБ03163НР)	2	[{"changed": {"fields": ["\\u041b\\u0438\\u0446\\u0435\\u043d\\u0437\\u0438\\u044f"]}}]	10	1
138	2025-03-06 10:04:23.867+00	9		3		7	1
139	2025-03-06 10:05:14.405087+00	9		3		7	1
140	2025-03-06 12:09:12.617957+00	9		3		7	1
141	2025-03-06 12:13:08.751017+00	9	ГПН-О ООО	2	[{"changed": {"fields": ["\\u041d\\u0430\\u0438\\u043c\\u0435\\u043d\\u043e\\u0432\\u0430\\u043d\\u0438\\u0435", "\\u041f\\u043e\\u043b\\u043d\\u043e\\u0435 \\u043d\\u0430\\u0438\\u043c\\u0435\\u043d\\u043e\\u0432\\u0430\\u043d\\u0438\\u0435", "\\u0413\\u043e\\u043b\\u043e\\u0432\\u043d\\u0430\\u044f", "\\u041a\\u043e\\u043d\\u0442\\u0430\\u043a\\u0442\\u044b", "\\u041f\\u0440\\u0438\\u043c\\u0435\\u0447\\u0430\\u043d\\u0438\\u0435"]}}]	7	1
142	2025-03-06 12:13:48.211512+00	9	ГПН-Оренбург	2	[{"changed": {"fields": ["\\u041d\\u0430\\u0438\\u043c\\u0435\\u043d\\u043e\\u0432\\u0430\\u043d\\u0438\\u0435"]}}]	7	1
143	2025-03-12 13:32:51.394338+00	1	Я коммент	1	[{"added": {}}]	25	1
144	2025-03-12 13:43:33.063895+00	2	Еще коммент	1	[{"added": {}}]	25	1
145	2025-03-13 12:56:50.006788+00	2	Еще коммент	3		25	1
146	2025-03-13 12:56:50.012137+00	1	Я коммент	3		25	1
147	2025-03-13 13:10:36.178577+00	3	Комм	1	[{"added": {}}]	25	1
148	2025-03-13 13:10:58.761808+00	4	Еще комм	1	[{"added": {}}]	25	1
149	2025-03-25 12:49:32.543378+00	4	Еще комм	2	[{"changed": {"fields": ["\\u0410\\u043a\\u0442\\u0443\\u0430\\u043b\\u044c\\u043d\\u043e\\u0441\\u0442\\u044c"]}}]	25	1
150	2025-03-25 12:49:38.072957+00	3	Комм	2	[{"changed": {"fields": ["\\u0410\\u043a\\u0442\\u0443\\u0430\\u043b\\u044c\\u043d\\u043e\\u0441\\u0442\\u044c"]}}]	25	1
151	2025-03-25 13:14:29.020408+00	3	Комм	2	[{"changed": {"fields": ["\\u0410\\u043a\\u0442\\u0443\\u0430\\u043b\\u044c\\u043d\\u043e\\u0441\\u0442\\u044c"]}}]	25	1
152	2025-03-25 13:16:15.21648+00	3	Комм	2	[{"changed": {"fields": ["\\u0410\\u043a\\u0442\\u0443\\u0430\\u043b\\u044c\\u043d\\u043e\\u0441\\u0442\\u044c"]}}]	25	1
153	2025-03-25 13:19:45.933306+00	3	Комм	2	[{"changed": {"fields": ["\\u0410\\u043a\\u0442\\u0443\\u0430\\u043b\\u044c\\u043d\\u043e\\u0441\\u0442\\u044c"]}}]	25	1
154	2025-03-25 13:23:42.169347+00	3	Комм	2	[{"changed": {"fields": ["\\u0410\\u043a\\u0442\\u0443\\u0430\\u043b\\u044c\\u043d\\u043e\\u0441\\u0442\\u044c"]}}]	25	1
155	2025-03-25 13:26:49.772847+00	3	Комм	2	[{"changed": {"fields": ["\\u0410\\u043a\\u0442\\u0443\\u0430\\u043b\\u044c\\u043d\\u043e\\u0441\\u0442\\u044c"]}}]	25	1
156	2025-03-25 13:35:15.030215+00	3	Комм	2	[{"changed": {"fields": ["\\u0410\\u043a\\u0442\\u0443\\u0430\\u043b\\u044c\\u043d\\u043e\\u0441\\u0442\\u044c"]}}]	25	1
157	2025-03-25 13:36:16.372218+00	3	Комм	2	[{"changed": {"fields": ["\\u0410\\u043a\\u0442\\u0443\\u0430\\u043b\\u044c\\u043d\\u043e\\u0441\\u0442\\u044c"]}}]	25	1
158	2025-03-25 13:37:13.874413+00	3	Комм	2	[{"changed": {"fields": ["\\u0410\\u043a\\u0442\\u0443\\u0430\\u043b\\u044c\\u043d\\u043e\\u0441\\u0442\\u044c"]}}]	25	1
159	2025-03-25 13:44:19.188026+00	3	Комм	2	[{"changed": {"fields": ["\\u0410\\u043a\\u0442\\u0443\\u0430\\u043b\\u044c\\u043d\\u043e\\u0441\\u0442\\u044c"]}}]	25	1
160	2025-03-25 13:45:39.491548+00	3	Комм	2	[{"changed": {"fields": ["\\u0410\\u043a\\u0442\\u0443\\u0430\\u043b\\u044c\\u043d\\u043e\\u0441\\u0442\\u044c"]}}]	25	1
161	2025-03-26 13:36:57.994981+00	22	2	3		25	3
162	2025-03-26 13:36:57.999358+00	21	2	3		25	3
163	2025-03-26 13:36:58.001897+00	20	1	3		25	3
164	2025-03-26 13:36:58.005719+00	19	1	3		25	3
165	2025-03-26 13:36:58.009844+00	18	1	3		25	3
166	2025-03-26 13:36:58.014432+00	17	1	3		25	3
167	2025-03-26 13:36:58.018457+00	16	1	3		25	3
168	2025-03-26 13:36:58.021112+00	15	1	3		25	3
169	2025-03-26 13:36:58.02378+00	14	1	3		25	3
170	2025-03-26 13:36:58.027211+00	13	1	3		25	3
171	2025-03-26 13:36:58.031297+00	12	1	3		25	3
172	2025-03-26 13:36:58.035603+00	11	1	3		25	3
173	2025-03-26 13:36:58.040013+00	10	1	3		25	3
174	2025-03-26 13:36:58.044491+00	9	1	3		25	3
175	2025-03-26 13:36:58.050037+00	8	1	3		25	3
176	2025-03-26 13:36:58.053518+00	7	1	3		25	3
177	2025-03-26 13:36:58.056919+00	6	1	3		25	3
178	2025-03-26 13:36:58.060536+00	5	1	3		25	3
179	2025-03-26 13:36:58.064468+00	4	Еще комм	3		25	3
180	2025-03-26 13:36:58.069716+00	3	Комм	3		25	3
\.


--
-- Data for Name: django_content_type; Type: TABLE DATA; Schema: public; Owner: umzruser
--

COPY public.django_content_type (id, app_label, model) FROM stdin;
1	admin	logentry
2	auth	permission
3	auth	group
4	auth	user
5	contenttypes	contenttype
6	sessions	session
7	app_struct	company
8	app_struct	division
9	app_struct	employee
10	app_struct	license
11	app_struct	facility
12	app_struct	facilitytype
13	app_doc	contractor
14	app_doc	document
15	app_doc	filetype
16	app_doc	contract
17	app_econ	businessplan
18	app_econ	businessplancostitem
19	app_econ	businessplanfacility
20	app_econ	projectstage
21	app_econ	businessplanstr
22	app_econ	bptask
23	app_econ	paymentbptask
24	app_econ	project
25	app_comments	comment
\.


--
-- Data for Name: django_migrations; Type: TABLE DATA; Schema: public; Owner: umzruser
--

COPY public.django_migrations (id, app, name, applied) FROM stdin;
1	contenttypes	0001_initial	2025-01-17 09:02:12.289221+00
2	auth	0001_initial	2025-01-17 09:02:12.337341+00
3	admin	0001_initial	2025-01-17 09:02:12.360208+00
4	admin	0002_logentry_remove_auto_add	2025-01-17 09:02:12.374252+00
5	admin	0003_logentry_add_action_flag_choices	2025-01-17 09:02:12.386923+00
6	contenttypes	0002_remove_content_type_name	2025-01-17 09:02:12.418085+00
7	auth	0002_alter_permission_name_max_length	2025-01-17 09:02:12.431973+00
8	auth	0003_alter_user_email_max_length	2025-01-17 09:02:12.444655+00
9	auth	0004_alter_user_username_opts	2025-01-17 09:02:12.457741+00
10	auth	0005_alter_user_last_login_null	2025-01-17 09:02:12.471577+00
11	auth	0006_require_contenttypes_0002	2025-01-17 09:02:12.474274+00
12	auth	0007_alter_validators_add_error_messages	2025-01-17 09:02:12.485502+00
13	auth	0008_alter_user_username_max_length	2025-01-17 09:02:12.497602+00
14	auth	0009_alter_user_last_name_max_length	2025-01-17 09:02:12.51134+00
15	auth	0010_alter_group_name_max_length	2025-01-17 09:02:12.527084+00
16	auth	0011_update_proxy_permissions	2025-01-17 09:02:12.540765+00
17	auth	0012_alter_user_first_name_max_length	2025-01-17 09:02:12.554618+00
18	sessions	0001_initial	2025-01-17 09:02:12.563667+00
31	app_struct	0001_initial	2025-02-06 07:56:40.727405+00
32	app_econ	0001_initial	2025-02-06 07:57:00.903936+00
33	app_comments	0001_initial	2025-03-12 06:46:01.547179+00
34	app_comments	0002_comment_user_created	2025-03-13 13:10:09.922131+00
35	app_doc	0002_alter_document_user_created	2025-03-31 09:19:22.316952+00
36	app_doc	0001_initial	2025-03-31 09:28:52.760612+00
37	app_doc	0002_remove_document_user_created	2025-03-31 09:28:52.809531+00
38	app_doc	0003_document_user_created	2025-03-31 09:29:13.860409+00
\.


--
-- Data for Name: django_session; Type: TABLE DATA; Schema: public; Owner: umzruser
--

COPY public.django_session (session_key, session_data, expire_date) FROM stdin;
015e6trjnkt78x4woq4y1dfouh989v07	.eJxVjEEOwiAQRe_C2hABB6hL9z0DYZhBqgaS0q6MdzckXej2v_f-W4S4byXsndewkLgKJU6_G8b05DoAPWK9N5la3dYF5VDkQbucG_Hrdrh_ByX2MmokPRkgQmByJltkS6zPRI5cUqCyR2-8N5Cjv1idEySdHaOZgLMB8fkCE5g43Q:1tYjZT:XfyvRuylXDw7s5LfNEUNkFTM2msj7rElCriYRTYLx-M	2025-01-31 10:27:23.291789+00
mztvzttqlvz57ichzojakdozq71ya0ce	.eJxVjMEOwiAQRP-FsyFAWQSP3v0GsiyLVA1NSnsy_rtt0oPOcd6beYuI61Lj2nmOYxYXocXpt0tIT247yA9s90nS1JZ5THJX5EG7vE2ZX9fD_Tuo2Ou2JsglFLZsnVXab3FsCD0ZGMATKU_WaQrZnDUmowlU0hwKDKmAYSU-X-Q5N9U:1tjyUE:F9ugiHuLbioyRaUVvd9zroj9Yh_Yhtp0O1qJFM4sJqA	2025-03-03 10:36:26.100055+00
cc9q9yrqkjq6m3m4u755z1oq332q1qne	.eJxVjMEOwiAQRP-FsyFAWQSP3v0GsiyLVA1NSnsy_rtt0oPOcd6beYuI61Lj2nmOYxYXocXpt0tIT247yA9s90nS1JZ5THJX5EG7vE2ZX9fD_Tuo2Ou2JsglFLZsnVXab3FsCD0ZGMATKU_WaQrZnDUmowlU0hwKDKmAYSU-X-Q5N9U:1tpMWm:utpvucvC-DTWU_wtJtm7Pz2Xn0y2aeifJvxfLtbQYpk	2025-03-18 07:17:20.058308+00
64wd4yg1v8xgt5x09ged07gz89xhkinf	.eJxVjDsOwjAQBe_iGln4E9ampOcM1q69iwPIkeKkQtwdIqWA9s3Me6mE61LT2nlOY1Fn5dThdyPMD24bKHdst0nnqS3zSHpT9E67vk6Fn5fd_Tuo2Ou3zgMMHgEQHEU4WTqWYARdAUIfvRAaDxIxSgBrQgZL7AsTWnEs0av3B-hNOHc:1tzBmQ:daQz2tAlSxjgrvQm74ygHmVzOKIh45QAd4bKhPfW28w	2025-04-14 09:50:06.49955+00
\.


--
-- Name: app_comments_comment_id_seq; Type: SEQUENCE SET; Schema: public; Owner: umzruser
--

SELECT pg_catalog.setval('public.app_comments_comment_id_seq', 34, true);


--
-- Name: app_doc_contract_id_seq; Type: SEQUENCE SET; Schema: public; Owner: umzruser
--

SELECT pg_catalog.setval('public.app_doc_contract_id_seq', 1, false);


--
-- Name: app_doc_contractor_id_seq; Type: SEQUENCE SET; Schema: public; Owner: umzruser
--

SELECT pg_catalog.setval('public.app_doc_contractor_id_seq', 1, false);


--
-- Name: app_doc_document_id_seq; Type: SEQUENCE SET; Schema: public; Owner: umzruser
--

SELECT pg_catalog.setval('public.app_doc_document_id_seq', 5, true);


--
-- Name: app_doc_filetype_id_seq; Type: SEQUENCE SET; Schema: public; Owner: umzruser
--

SELECT pg_catalog.setval('public.app_doc_filetype_id_seq', 1, false);


--
-- Name: app_econ_bptask_id_seq; Type: SEQUENCE SET; Schema: public; Owner: umzruser
--

SELECT pg_catalog.setval('public.app_econ_bptask_id_seq', 1, false);


--
-- Name: app_econ_businessplan_id_seq; Type: SEQUENCE SET; Schema: public; Owner: umzruser
--

SELECT pg_catalog.setval('public.app_econ_businessplan_id_seq', 1, false);


--
-- Name: app_econ_businessplancostitem_id_seq; Type: SEQUENCE SET; Schema: public; Owner: umzruser
--

SELECT pg_catalog.setval('public.app_econ_businessplancostitem_id_seq', 2, true);


--
-- Name: app_econ_businessplanfacility_id_seq; Type: SEQUENCE SET; Schema: public; Owner: umzruser
--

SELECT pg_catalog.setval('public.app_econ_businessplanfacility_id_seq', 1, false);


--
-- Name: app_econ_businessplanstr_id_seq; Type: SEQUENCE SET; Schema: public; Owner: umzruser
--

SELECT pg_catalog.setval('public.app_econ_businessplanstr_id_seq', 1, false);


--
-- Name: app_econ_paymentbptask_id_seq; Type: SEQUENCE SET; Schema: public; Owner: umzruser
--

SELECT pg_catalog.setval('public.app_econ_paymentbptask_id_seq', 1, false);


--
-- Name: app_econ_project_id_seq; Type: SEQUENCE SET; Schema: public; Owner: umzruser
--

SELECT pg_catalog.setval('public.app_econ_project_id_seq', 8, true);


--
-- Name: app_econ_project_licenses_id_seq; Type: SEQUENCE SET; Schema: public; Owner: umzruser
--

SELECT pg_catalog.setval('public.app_econ_project_licenses_id_seq', 16, true);


--
-- Name: app_econ_projectstage_id_seq; Type: SEQUENCE SET; Schema: public; Owner: umzruser
--

SELECT pg_catalog.setval('public.app_econ_projectstage_id_seq', 1, false);


--
-- Name: app_struct_company_id_seq; Type: SEQUENCE SET; Schema: public; Owner: umzruser
--

SELECT pg_catalog.setval('public.app_struct_company_id_seq', 13, true);


--
-- Name: app_struct_division_id_seq; Type: SEQUENCE SET; Schema: public; Owner: umzruser
--

SELECT pg_catalog.setval('public.app_struct_division_id_seq', 13, true);


--
-- Name: app_struct_employee_id_seq; Type: SEQUENCE SET; Schema: public; Owner: umzruser
--

SELECT pg_catalog.setval('public.app_struct_employee_id_seq', 6, true);


--
-- Name: app_struct_facility_id_seq; Type: SEQUENCE SET; Schema: public; Owner: umzruser
--

SELECT pg_catalog.setval('public.app_struct_facility_id_seq', 32, true);


--
-- Name: app_struct_facilitytype_id_seq; Type: SEQUENCE SET; Schema: public; Owner: umzruser
--

SELECT pg_catalog.setval('public.app_struct_facilitytype_id_seq', 4, true);


--
-- Name: app_struct_license_id_seq; Type: SEQUENCE SET; Schema: public; Owner: umzruser
--

SELECT pg_catalog.setval('public.app_struct_license_id_seq', 14, true);


--
-- Name: auth_group_id_seq; Type: SEQUENCE SET; Schema: public; Owner: umzruser
--

SELECT pg_catalog.setval('public.auth_group_id_seq', 1, false);


--
-- Name: auth_group_permissions_id_seq; Type: SEQUENCE SET; Schema: public; Owner: umzruser
--

SELECT pg_catalog.setval('public.auth_group_permissions_id_seq', 1, false);


--
-- Name: auth_permission_id_seq; Type: SEQUENCE SET; Schema: public; Owner: umzruser
--

SELECT pg_catalog.setval('public.auth_permission_id_seq', 100, true);


--
-- Name: auth_user_groups_id_seq; Type: SEQUENCE SET; Schema: public; Owner: umzruser
--

SELECT pg_catalog.setval('public.auth_user_groups_id_seq', 1, false);


--
-- Name: auth_user_id_seq; Type: SEQUENCE SET; Schema: public; Owner: umzruser
--

SELECT pg_catalog.setval('public.auth_user_id_seq', 7, true);


--
-- Name: auth_user_user_permissions_id_seq; Type: SEQUENCE SET; Schema: public; Owner: umzruser
--

SELECT pg_catalog.setval('public.auth_user_user_permissions_id_seq', 1, false);


--
-- Name: django_admin_log_id_seq; Type: SEQUENCE SET; Schema: public; Owner: umzruser
--

SELECT pg_catalog.setval('public.django_admin_log_id_seq', 180, true);


--
-- Name: django_content_type_id_seq; Type: SEQUENCE SET; Schema: public; Owner: umzruser
--

SELECT pg_catalog.setval('public.django_content_type_id_seq', 25, true);


--
-- Name: django_migrations_id_seq; Type: SEQUENCE SET; Schema: public; Owner: umzruser
--

SELECT pg_catalog.setval('public.django_migrations_id_seq', 38, true);


--
-- Name: app_comments_comment app_comments_comment_pkey; Type: CONSTRAINT; Schema: public; Owner: umzruser
--

ALTER TABLE ONLY public.app_comments_comment
    ADD CONSTRAINT app_comments_comment_pkey PRIMARY KEY (id);


--
-- Name: app_doc_contract app_doc_contract_pkey; Type: CONSTRAINT; Schema: public; Owner: umzruser
--

ALTER TABLE ONLY public.app_doc_contract
    ADD CONSTRAINT app_doc_contract_pkey PRIMARY KEY (id);


--
-- Name: app_doc_contractor app_doc_contractor_pkey; Type: CONSTRAINT; Schema: public; Owner: umzruser
--

ALTER TABLE ONLY public.app_doc_contractor
    ADD CONSTRAINT app_doc_contractor_pkey PRIMARY KEY (id);


--
-- Name: app_doc_document app_doc_document_pkey; Type: CONSTRAINT; Schema: public; Owner: umzruser
--

ALTER TABLE ONLY public.app_doc_document
    ADD CONSTRAINT app_doc_document_pkey PRIMARY KEY (id);


--
-- Name: app_doc_filetype app_doc_filetype_pkey; Type: CONSTRAINT; Schema: public; Owner: umzruser
--

ALTER TABLE ONLY public.app_doc_filetype
    ADD CONSTRAINT app_doc_filetype_pkey PRIMARY KEY (id);


--
-- Name: app_econ_bptask app_econ_bptask_pkey; Type: CONSTRAINT; Schema: public; Owner: umzruser
--

ALTER TABLE ONLY public.app_econ_bptask
    ADD CONSTRAINT app_econ_bptask_pkey PRIMARY KEY (id);


--
-- Name: app_econ_businessplan app_econ_businessplan_pkey; Type: CONSTRAINT; Schema: public; Owner: umzruser
--

ALTER TABLE ONLY public.app_econ_businessplan
    ADD CONSTRAINT app_econ_businessplan_pkey PRIMARY KEY (id);


--
-- Name: app_econ_businessplancostitem app_econ_businessplancostitem_pkey; Type: CONSTRAINT; Schema: public; Owner: umzruser
--

ALTER TABLE ONLY public.app_econ_businessplancostitem
    ADD CONSTRAINT app_econ_businessplancostitem_pkey PRIMARY KEY (id);


--
-- Name: app_econ_businessplanfacility app_econ_businessplanfacility_pkey; Type: CONSTRAINT; Schema: public; Owner: umzruser
--

ALTER TABLE ONLY public.app_econ_businessplanfacility
    ADD CONSTRAINT app_econ_businessplanfacility_pkey PRIMARY KEY (id);


--
-- Name: app_econ_businessplanstr app_econ_businessplanstr_pkey; Type: CONSTRAINT; Schema: public; Owner: umzruser
--

ALTER TABLE ONLY public.app_econ_businessplanstr
    ADD CONSTRAINT app_econ_businessplanstr_pkey PRIMARY KEY (id);


--
-- Name: app_econ_paymentbptask app_econ_paymentbptask_pkey; Type: CONSTRAINT; Schema: public; Owner: umzruser
--

ALTER TABLE ONLY public.app_econ_paymentbptask
    ADD CONSTRAINT app_econ_paymentbptask_pkey PRIMARY KEY (id);


--
-- Name: app_econ_project app_econ_project_division_id_name_970bc1d3_uniq; Type: CONSTRAINT; Schema: public; Owner: umzruser
--

ALTER TABLE ONLY public.app_econ_project
    ADD CONSTRAINT app_econ_project_division_id_name_970bc1d3_uniq UNIQUE (division_id, name);


--
-- Name: app_econ_project_licenses app_econ_project_licenses_pkey; Type: CONSTRAINT; Schema: public; Owner: umzruser
--

ALTER TABLE ONLY public.app_econ_project_licenses
    ADD CONSTRAINT app_econ_project_licenses_pkey PRIMARY KEY (id);


--
-- Name: app_econ_project_licenses app_econ_project_licenses_project_id_license_id_ed8fcc25_uniq; Type: CONSTRAINT; Schema: public; Owner: umzruser
--

ALTER TABLE ONLY public.app_econ_project_licenses
    ADD CONSTRAINT app_econ_project_licenses_project_id_license_id_ed8fcc25_uniq UNIQUE (project_id, license_id);


--
-- Name: app_econ_project app_econ_project_pkey; Type: CONSTRAINT; Schema: public; Owner: umzruser
--

ALTER TABLE ONLY public.app_econ_project
    ADD CONSTRAINT app_econ_project_pkey PRIMARY KEY (id);


--
-- Name: app_econ_projectstage app_econ_projectstage_pkey; Type: CONSTRAINT; Schema: public; Owner: umzruser
--

ALTER TABLE ONLY public.app_econ_projectstage
    ADD CONSTRAINT app_econ_projectstage_pkey PRIMARY KEY (id);


--
-- Name: app_struct_company app_struct_company_pkey; Type: CONSTRAINT; Schema: public; Owner: umzruser
--

ALTER TABLE ONLY public.app_struct_company
    ADD CONSTRAINT app_struct_company_pkey PRIMARY KEY (id);


--
-- Name: app_struct_company app_struct_company_title_key; Type: CONSTRAINT; Schema: public; Owner: umzruser
--

ALTER TABLE ONLY public.app_struct_company
    ADD CONSTRAINT app_struct_company_title_key UNIQUE (title);


--
-- Name: app_struct_division app_struct_division_company_id_abbr_a0825254_uniq; Type: CONSTRAINT; Schema: public; Owner: umzruser
--

ALTER TABLE ONLY public.app_struct_division
    ADD CONSTRAINT app_struct_division_company_id_abbr_a0825254_uniq UNIQUE (company_id, abbr);


--
-- Name: app_struct_division app_struct_division_company_id_name_c323ac2b_uniq; Type: CONSTRAINT; Schema: public; Owner: umzruser
--

ALTER TABLE ONLY public.app_struct_division
    ADD CONSTRAINT app_struct_division_company_id_name_c323ac2b_uniq UNIQUE (company_id, name);


--
-- Name: app_struct_division app_struct_division_pkey; Type: CONSTRAINT; Schema: public; Owner: umzruser
--

ALTER TABLE ONLY public.app_struct_division
    ADD CONSTRAINT app_struct_division_pkey PRIMARY KEY (id);


--
-- Name: app_struct_employee app_struct_employee_pkey; Type: CONSTRAINT; Schema: public; Owner: umzruser
--

ALTER TABLE ONLY public.app_struct_employee
    ADD CONSTRAINT app_struct_employee_pkey PRIMARY KEY (id);


--
-- Name: app_struct_employee app_struct_employee_surname_name_patronymic__5adaf6d1_uniq; Type: CONSTRAINT; Schema: public; Owner: umzruser
--

ALTER TABLE ONLY public.app_struct_employee
    ADD CONSTRAINT app_struct_employee_surname_name_patronymic__5adaf6d1_uniq UNIQUE (surname, name, patronymic, company_id, post);


--
-- Name: app_struct_employee app_struct_employee_user_id_key; Type: CONSTRAINT; Schema: public; Owner: umzruser
--

ALTER TABLE ONLY public.app_struct_employee
    ADD CONSTRAINT app_struct_employee_user_id_key UNIQUE (user_id);


--
-- Name: app_struct_facility app_struct_facility_license_id_parent_id_name_809e3245_uniq; Type: CONSTRAINT; Schema: public; Owner: umzruser
--

ALTER TABLE ONLY public.app_struct_facility
    ADD CONSTRAINT app_struct_facility_license_id_parent_id_name_809e3245_uniq UNIQUE (license_id, parent_id, name);


--
-- Name: app_struct_facility app_struct_facility_pkey; Type: CONSTRAINT; Schema: public; Owner: umzruser
--

ALTER TABLE ONLY public.app_struct_facility
    ADD CONSTRAINT app_struct_facility_pkey PRIMARY KEY (id);


--
-- Name: app_struct_facilitytype app_struct_facilitytype_name_key; Type: CONSTRAINT; Schema: public; Owner: umzruser
--

ALTER TABLE ONLY public.app_struct_facilitytype
    ADD CONSTRAINT app_struct_facilitytype_name_key UNIQUE (name);


--
-- Name: app_struct_facilitytype app_struct_facilitytype_pkey; Type: CONSTRAINT; Schema: public; Owner: umzruser
--

ALTER TABLE ONLY public.app_struct_facilitytype
    ADD CONSTRAINT app_struct_facilitytype_pkey PRIMARY KEY (id);


--
-- Name: app_struct_license app_struct_license_name_key; Type: CONSTRAINT; Schema: public; Owner: umzruser
--

ALTER TABLE ONLY public.app_struct_license
    ADD CONSTRAINT app_struct_license_name_key UNIQUE (name);


--
-- Name: app_struct_license app_struct_license_pkey; Type: CONSTRAINT; Schema: public; Owner: umzruser
--

ALTER TABLE ONLY public.app_struct_license
    ADD CONSTRAINT app_struct_license_pkey PRIMARY KEY (id);


--
-- Name: auth_group auth_group_name_key; Type: CONSTRAINT; Schema: public; Owner: umzruser
--

ALTER TABLE ONLY public.auth_group
    ADD CONSTRAINT auth_group_name_key UNIQUE (name);


--
-- Name: auth_group_permissions auth_group_permissions_group_id_permission_id_0cd325b0_uniq; Type: CONSTRAINT; Schema: public; Owner: umzruser
--

ALTER TABLE ONLY public.auth_group_permissions
    ADD CONSTRAINT auth_group_permissions_group_id_permission_id_0cd325b0_uniq UNIQUE (group_id, permission_id);


--
-- Name: auth_group_permissions auth_group_permissions_pkey; Type: CONSTRAINT; Schema: public; Owner: umzruser
--

ALTER TABLE ONLY public.auth_group_permissions
    ADD CONSTRAINT auth_group_permissions_pkey PRIMARY KEY (id);


--
-- Name: auth_group auth_group_pkey; Type: CONSTRAINT; Schema: public; Owner: umzruser
--

ALTER TABLE ONLY public.auth_group
    ADD CONSTRAINT auth_group_pkey PRIMARY KEY (id);


--
-- Name: auth_permission auth_permission_content_type_id_codename_01ab375a_uniq; Type: CONSTRAINT; Schema: public; Owner: umzruser
--

ALTER TABLE ONLY public.auth_permission
    ADD CONSTRAINT auth_permission_content_type_id_codename_01ab375a_uniq UNIQUE (content_type_id, codename);


--
-- Name: auth_permission auth_permission_pkey; Type: CONSTRAINT; Schema: public; Owner: umzruser
--

ALTER TABLE ONLY public.auth_permission
    ADD CONSTRAINT auth_permission_pkey PRIMARY KEY (id);


--
-- Name: auth_user_groups auth_user_groups_pkey; Type: CONSTRAINT; Schema: public; Owner: umzruser
--

ALTER TABLE ONLY public.auth_user_groups
    ADD CONSTRAINT auth_user_groups_pkey PRIMARY KEY (id);


--
-- Name: auth_user_groups auth_user_groups_user_id_group_id_94350c0c_uniq; Type: CONSTRAINT; Schema: public; Owner: umzruser
--

ALTER TABLE ONLY public.auth_user_groups
    ADD CONSTRAINT auth_user_groups_user_id_group_id_94350c0c_uniq UNIQUE (user_id, group_id);


--
-- Name: auth_user auth_user_pkey; Type: CONSTRAINT; Schema: public; Owner: umzruser
--

ALTER TABLE ONLY public.auth_user
    ADD CONSTRAINT auth_user_pkey PRIMARY KEY (id);


--
-- Name: auth_user_user_permissions auth_user_user_permissions_pkey; Type: CONSTRAINT; Schema: public; Owner: umzruser
--

ALTER TABLE ONLY public.auth_user_user_permissions
    ADD CONSTRAINT auth_user_user_permissions_pkey PRIMARY KEY (id);


--
-- Name: auth_user_user_permissions auth_user_user_permissions_user_id_permission_id_14a6b632_uniq; Type: CONSTRAINT; Schema: public; Owner: umzruser
--

ALTER TABLE ONLY public.auth_user_user_permissions
    ADD CONSTRAINT auth_user_user_permissions_user_id_permission_id_14a6b632_uniq UNIQUE (user_id, permission_id);


--
-- Name: auth_user auth_user_username_key; Type: CONSTRAINT; Schema: public; Owner: umzruser
--

ALTER TABLE ONLY public.auth_user
    ADD CONSTRAINT auth_user_username_key UNIQUE (username);


--
-- Name: django_admin_log django_admin_log_pkey; Type: CONSTRAINT; Schema: public; Owner: umzruser
--

ALTER TABLE ONLY public.django_admin_log
    ADD CONSTRAINT django_admin_log_pkey PRIMARY KEY (id);


--
-- Name: django_content_type django_content_type_app_label_model_76bd3d3b_uniq; Type: CONSTRAINT; Schema: public; Owner: umzruser
--

ALTER TABLE ONLY public.django_content_type
    ADD CONSTRAINT django_content_type_app_label_model_76bd3d3b_uniq UNIQUE (app_label, model);


--
-- Name: django_content_type django_content_type_pkey; Type: CONSTRAINT; Schema: public; Owner: umzruser
--

ALTER TABLE ONLY public.django_content_type
    ADD CONSTRAINT django_content_type_pkey PRIMARY KEY (id);


--
-- Name: django_migrations django_migrations_pkey; Type: CONSTRAINT; Schema: public; Owner: umzruser
--

ALTER TABLE ONLY public.django_migrations
    ADD CONSTRAINT django_migrations_pkey PRIMARY KEY (id);


--
-- Name: django_session django_session_pkey; Type: CONSTRAINT; Schema: public; Owner: umzruser
--

ALTER TABLE ONLY public.django_session
    ADD CONSTRAINT django_session_pkey PRIMARY KEY (session_key);


--
-- Name: app_comments_comment_company_id_2fa28492; Type: INDEX; Schema: public; Owner: umzruser
--

CREATE INDEX app_comments_comment_company_id_2fa28492 ON public.app_comments_comment USING btree (company_id);


--
-- Name: app_comments_comment_division_id_2740dd0a; Type: INDEX; Schema: public; Owner: umzruser
--

CREATE INDEX app_comments_comment_division_id_2740dd0a ON public.app_comments_comment USING btree (division_id);


--
-- Name: app_comments_comment_facility_id_e437fa5e; Type: INDEX; Schema: public; Owner: umzruser
--

CREATE INDEX app_comments_comment_facility_id_e437fa5e ON public.app_comments_comment USING btree (facility_id);


--
-- Name: app_comments_comment_license_id_25dd079b; Type: INDEX; Schema: public; Owner: umzruser
--

CREATE INDEX app_comments_comment_license_id_25dd079b ON public.app_comments_comment USING btree (license_id);


--
-- Name: app_comments_comment_project_id_a3e350db; Type: INDEX; Schema: public; Owner: umzruser
--

CREATE INDEX app_comments_comment_project_id_a3e350db ON public.app_comments_comment USING btree (project_id);


--
-- Name: app_comments_comment_user_created_id_22a18057; Type: INDEX; Schema: public; Owner: umzruser
--

CREATE INDEX app_comments_comment_user_created_id_22a18057 ON public.app_comments_comment USING btree (user_created_id);


--
-- Name: app_doc_contract_contractor_id_1c4f5335; Type: INDEX; Schema: public; Owner: umzruser
--

CREATE INDEX app_doc_contract_contractor_id_1c4f5335 ON public.app_doc_contract USING btree (contractor_id);


--
-- Name: app_doc_contract_file_id_838ea8f6; Type: INDEX; Schema: public; Owner: umzruser
--

CREATE INDEX app_doc_contract_file_id_838ea8f6 ON public.app_doc_contract USING btree (file_id);


--
-- Name: app_doc_contractor_company_id_dea89348; Type: INDEX; Schema: public; Owner: umzruser
--

CREATE INDEX app_doc_contractor_company_id_dea89348 ON public.app_doc_contractor USING btree (company_id);


--
-- Name: app_doc_document_type_id_555e80a6; Type: INDEX; Schema: public; Owner: umzruser
--

CREATE INDEX app_doc_document_type_id_555e80a6 ON public.app_doc_document USING btree (type_id);


--
-- Name: app_doc_document_user_created_id_019d186e; Type: INDEX; Schema: public; Owner: umzruser
--

CREATE INDEX app_doc_document_user_created_id_019d186e ON public.app_doc_document USING btree (user_created_id);


--
-- Name: app_econ_bptask_bps_id_1a92e2ce; Type: INDEX; Schema: public; Owner: umzruser
--

CREATE INDEX app_econ_bptask_bps_id_1a92e2ce ON public.app_econ_bptask USING btree (bps_id);


--
-- Name: app_econ_businessplan_project_id_4182a2d5; Type: INDEX; Schema: public; Owner: umzruser
--

CREATE INDEX app_econ_businessplan_project_id_4182a2d5 ON public.app_econ_businessplan USING btree (project_id);


--
-- Name: app_econ_businessplanfacility_project_id_ab1f53e8; Type: INDEX; Schema: public; Owner: umzruser
--

CREATE INDEX app_econ_businessplanfacility_project_id_ab1f53e8 ON public.app_econ_businessplanfacility USING btree (project_id);


--
-- Name: app_econ_businessplanstr_bp_id_76b4bac4; Type: INDEX; Schema: public; Owner: umzruser
--

CREATE INDEX app_econ_businessplanstr_bp_id_76b4bac4 ON public.app_econ_businessplanstr USING btree (bp_id);


--
-- Name: app_econ_businessplanstr_bpf_id_fd96301d; Type: INDEX; Schema: public; Owner: umzruser
--

CREATE INDEX app_econ_businessplanstr_bpf_id_fd96301d ON public.app_econ_businessplanstr USING btree (bpf_id);


--
-- Name: app_econ_businessplanstr_company_id_59aa4887; Type: INDEX; Schema: public; Owner: umzruser
--

CREATE INDEX app_econ_businessplanstr_company_id_59aa4887 ON public.app_econ_businessplanstr USING btree (company_id);


--
-- Name: app_econ_businessplanstr_costitem_id_0cffb082; Type: INDEX; Schema: public; Owner: umzruser
--

CREATE INDEX app_econ_businessplanstr_costitem_id_0cffb082 ON public.app_econ_businessplanstr USING btree (costitem_id);


--
-- Name: app_econ_businessplanstr_facility_id_53b265a3; Type: INDEX; Schema: public; Owner: umzruser
--

CREATE INDEX app_econ_businessplanstr_facility_id_53b265a3 ON public.app_econ_businessplanstr USING btree (facility_id);


--
-- Name: app_econ_businessplanstr_stage_id_a24d3e7d; Type: INDEX; Schema: public; Owner: umzruser
--

CREATE INDEX app_econ_businessplanstr_stage_id_a24d3e7d ON public.app_econ_businessplanstr USING btree (stage_id);


--
-- Name: app_econ_paymentbptask_bptask_id_8cd73aab; Type: INDEX; Schema: public; Owner: umzruser
--

CREATE INDEX app_econ_paymentbptask_bptask_id_8cd73aab ON public.app_econ_paymentbptask USING btree (bptask_id);


--
-- Name: app_econ_paymentbptask_contract_id_395a56fb; Type: INDEX; Schema: public; Owner: umzruser
--

CREATE INDEX app_econ_paymentbptask_contract_id_395a56fb ON public.app_econ_paymentbptask USING btree (contract_id);


--
-- Name: app_econ_paymentbptask_file_id_24e154b7; Type: INDEX; Schema: public; Owner: umzruser
--

CREATE INDEX app_econ_paymentbptask_file_id_24e154b7 ON public.app_econ_paymentbptask USING btree (file_id);


--
-- Name: app_econ_pr_divisio_7b1002_idx; Type: INDEX; Schema: public; Owner: umzruser
--

CREATE INDEX app_econ_pr_divisio_7b1002_idx ON public.app_econ_project USING btree (division_id, name);


--
-- Name: app_econ_project_division_id_a2ad8fac; Type: INDEX; Schema: public; Owner: umzruser
--

CREATE INDEX app_econ_project_division_id_a2ad8fac ON public.app_econ_project USING btree (division_id);


--
-- Name: app_econ_project_licenses_license_id_9313d3d1; Type: INDEX; Schema: public; Owner: umzruser
--

CREATE INDEX app_econ_project_licenses_license_id_9313d3d1 ON public.app_econ_project_licenses USING btree (license_id);


--
-- Name: app_econ_project_licenses_project_id_1b43bc27; Type: INDEX; Schema: public; Owner: umzruser
--

CREATE INDEX app_econ_project_licenses_project_id_1b43bc27 ON public.app_econ_project_licenses USING btree (project_id);


--
-- Name: app_struct__name_08f878_idx; Type: INDEX; Schema: public; Owner: umzruser
--

CREATE INDEX app_struct__name_08f878_idx ON public.app_struct_facility USING btree (name);


--
-- Name: app_struct__name_28d021_idx; Type: INDEX; Schema: public; Owner: umzruser
--

CREATE INDEX app_struct__name_28d021_idx ON public.app_struct_division USING btree (name);


--
-- Name: app_struct__name_9c31e5_idx; Type: INDEX; Schema: public; Owner: umzruser
--

CREATE INDEX app_struct__name_9c31e5_idx ON public.app_struct_license USING btree (name);


--
-- Name: app_struct__surname_45b931_idx; Type: INDEX; Schema: public; Owner: umzruser
--

CREATE INDEX app_struct__surname_45b931_idx ON public.app_struct_employee USING btree (surname);


--
-- Name: app_struct__title_2b80c0_idx; Type: INDEX; Schema: public; Owner: umzruser
--

CREATE INDEX app_struct__title_2b80c0_idx ON public.app_struct_company USING btree (title);


--
-- Name: app_struct_company_parent_id_15efe3d0; Type: INDEX; Schema: public; Owner: umzruser
--

CREATE INDEX app_struct_company_parent_id_15efe3d0 ON public.app_struct_company USING btree (parent_id);


--
-- Name: app_struct_company_title_36b675f3_like; Type: INDEX; Schema: public; Owner: umzruser
--

CREATE INDEX app_struct_company_title_36b675f3_like ON public.app_struct_company USING btree (title varchar_pattern_ops);


--
-- Name: app_struct_division_company_id_ad997a11; Type: INDEX; Schema: public; Owner: umzruser
--

CREATE INDEX app_struct_division_company_id_ad997a11 ON public.app_struct_division USING btree (company_id);


--
-- Name: app_struct_division_parent_id_3ae5bfdc; Type: INDEX; Schema: public; Owner: umzruser
--

CREATE INDEX app_struct_division_parent_id_3ae5bfdc ON public.app_struct_division USING btree (parent_id);


--
-- Name: app_struct_employee_company_id_c962b0b4; Type: INDEX; Schema: public; Owner: umzruser
--

CREATE INDEX app_struct_employee_company_id_c962b0b4 ON public.app_struct_employee USING btree (company_id);


--
-- Name: app_struct_employee_division_id_245e1f04; Type: INDEX; Schema: public; Owner: umzruser
--

CREATE INDEX app_struct_employee_division_id_245e1f04 ON public.app_struct_employee USING btree (division_id);


--
-- Name: app_struct_facility_license_id_ddec6cd2; Type: INDEX; Schema: public; Owner: umzruser
--

CREATE INDEX app_struct_facility_license_id_ddec6cd2 ON public.app_struct_facility USING btree (license_id);


--
-- Name: app_struct_facility_parent_id_b2561148; Type: INDEX; Schema: public; Owner: umzruser
--

CREATE INDEX app_struct_facility_parent_id_b2561148 ON public.app_struct_facility USING btree (parent_id);


--
-- Name: app_struct_facility_type_id_b015b67d; Type: INDEX; Schema: public; Owner: umzruser
--

CREATE INDEX app_struct_facility_type_id_b015b67d ON public.app_struct_facility USING btree (type_id);


--
-- Name: app_struct_facilitytype_name_8ae6a0fd_like; Type: INDEX; Schema: public; Owner: umzruser
--

CREATE INDEX app_struct_facilitytype_name_8ae6a0fd_like ON public.app_struct_facilitytype USING btree (name varchar_pattern_ops);


--
-- Name: app_struct_license_name_97bc8cb5_like; Type: INDEX; Schema: public; Owner: umzruser
--

CREATE INDEX app_struct_license_name_97bc8cb5_like ON public.app_struct_license USING btree (name varchar_pattern_ops);


--
-- Name: app_struct_license_owner_id_55c5bdcf; Type: INDEX; Schema: public; Owner: umzruser
--

CREATE INDEX app_struct_license_owner_id_55c5bdcf ON public.app_struct_license USING btree (owner_id);


--
-- Name: auth_group_name_a6ea08ec_like; Type: INDEX; Schema: public; Owner: umzruser
--

CREATE INDEX auth_group_name_a6ea08ec_like ON public.auth_group USING btree (name varchar_pattern_ops);


--
-- Name: auth_group_permissions_group_id_b120cbf9; Type: INDEX; Schema: public; Owner: umzruser
--

CREATE INDEX auth_group_permissions_group_id_b120cbf9 ON public.auth_group_permissions USING btree (group_id);


--
-- Name: auth_group_permissions_permission_id_84c5c92e; Type: INDEX; Schema: public; Owner: umzruser
--

CREATE INDEX auth_group_permissions_permission_id_84c5c92e ON public.auth_group_permissions USING btree (permission_id);


--
-- Name: auth_permission_content_type_id_2f476e4b; Type: INDEX; Schema: public; Owner: umzruser
--

CREATE INDEX auth_permission_content_type_id_2f476e4b ON public.auth_permission USING btree (content_type_id);


--
-- Name: auth_user_groups_group_id_97559544; Type: INDEX; Schema: public; Owner: umzruser
--

CREATE INDEX auth_user_groups_group_id_97559544 ON public.auth_user_groups USING btree (group_id);


--
-- Name: auth_user_groups_user_id_6a12ed8b; Type: INDEX; Schema: public; Owner: umzruser
--

CREATE INDEX auth_user_groups_user_id_6a12ed8b ON public.auth_user_groups USING btree (user_id);


--
-- Name: auth_user_user_permissions_permission_id_1fbb5f2c; Type: INDEX; Schema: public; Owner: umzruser
--

CREATE INDEX auth_user_user_permissions_permission_id_1fbb5f2c ON public.auth_user_user_permissions USING btree (permission_id);


--
-- Name: auth_user_user_permissions_user_id_a95ead1b; Type: INDEX; Schema: public; Owner: umzruser
--

CREATE INDEX auth_user_user_permissions_user_id_a95ead1b ON public.auth_user_user_permissions USING btree (user_id);


--
-- Name: auth_user_username_6821ab7c_like; Type: INDEX; Schema: public; Owner: umzruser
--

CREATE INDEX auth_user_username_6821ab7c_like ON public.auth_user USING btree (username varchar_pattern_ops);


--
-- Name: django_admin_log_content_type_id_c4bce8eb; Type: INDEX; Schema: public; Owner: umzruser
--

CREATE INDEX django_admin_log_content_type_id_c4bce8eb ON public.django_admin_log USING btree (content_type_id);


--
-- Name: django_admin_log_user_id_c564eba6; Type: INDEX; Schema: public; Owner: umzruser
--

CREATE INDEX django_admin_log_user_id_c564eba6 ON public.django_admin_log USING btree (user_id);


--
-- Name: django_session_expire_date_a5c62663; Type: INDEX; Schema: public; Owner: umzruser
--

CREATE INDEX django_session_expire_date_a5c62663 ON public.django_session USING btree (expire_date);


--
-- Name: django_session_session_key_c0390e0f_like; Type: INDEX; Schema: public; Owner: umzruser
--

CREATE INDEX django_session_session_key_c0390e0f_like ON public.django_session USING btree (session_key varchar_pattern_ops);


--
-- Name: app_comments_comment app_comments_comment_company_id_2fa28492_fk_app_struc; Type: FK CONSTRAINT; Schema: public; Owner: umzruser
--

ALTER TABLE ONLY public.app_comments_comment
    ADD CONSTRAINT app_comments_comment_company_id_2fa28492_fk_app_struc FOREIGN KEY (company_id) REFERENCES public.app_struct_company(id) DEFERRABLE INITIALLY DEFERRED;


--
-- Name: app_comments_comment app_comments_comment_division_id_2740dd0a_fk_app_struc; Type: FK CONSTRAINT; Schema: public; Owner: umzruser
--

ALTER TABLE ONLY public.app_comments_comment
    ADD CONSTRAINT app_comments_comment_division_id_2740dd0a_fk_app_struc FOREIGN KEY (division_id) REFERENCES public.app_struct_division(id) DEFERRABLE INITIALLY DEFERRED;


--
-- Name: app_comments_comment app_comments_comment_facility_id_e437fa5e_fk_app_struc; Type: FK CONSTRAINT; Schema: public; Owner: umzruser
--

ALTER TABLE ONLY public.app_comments_comment
    ADD CONSTRAINT app_comments_comment_facility_id_e437fa5e_fk_app_struc FOREIGN KEY (facility_id) REFERENCES public.app_struct_facility(id) DEFERRABLE INITIALLY DEFERRED;


--
-- Name: app_comments_comment app_comments_comment_license_id_25dd079b_fk_app_struc; Type: FK CONSTRAINT; Schema: public; Owner: umzruser
--

ALTER TABLE ONLY public.app_comments_comment
    ADD CONSTRAINT app_comments_comment_license_id_25dd079b_fk_app_struc FOREIGN KEY (license_id) REFERENCES public.app_struct_license(id) DEFERRABLE INITIALLY DEFERRED;


--
-- Name: app_comments_comment app_comments_comment_project_id_a3e350db_fk_app_econ_project_id; Type: FK CONSTRAINT; Schema: public; Owner: umzruser
--

ALTER TABLE ONLY public.app_comments_comment
    ADD CONSTRAINT app_comments_comment_project_id_a3e350db_fk_app_econ_project_id FOREIGN KEY (project_id) REFERENCES public.app_econ_project(id) DEFERRABLE INITIALLY DEFERRED;


--
-- Name: app_comments_comment app_comments_comment_user_created_id_22a18057_fk_app_struc; Type: FK CONSTRAINT; Schema: public; Owner: umzruser
--

ALTER TABLE ONLY public.app_comments_comment
    ADD CONSTRAINT app_comments_comment_user_created_id_22a18057_fk_app_struc FOREIGN KEY (user_created_id) REFERENCES public.app_struct_employee(id) DEFERRABLE INITIALLY DEFERRED;


--
-- Name: app_doc_contract app_doc_contract_contractor_id_1c4f5335_fk_app_doc_c; Type: FK CONSTRAINT; Schema: public; Owner: umzruser
--

ALTER TABLE ONLY public.app_doc_contract
    ADD CONSTRAINT app_doc_contract_contractor_id_1c4f5335_fk_app_doc_c FOREIGN KEY (contractor_id) REFERENCES public.app_doc_contractor(id) DEFERRABLE INITIALLY DEFERRED;


--
-- Name: app_doc_contract app_doc_contract_file_id_838ea8f6_fk_app_doc_document_id; Type: FK CONSTRAINT; Schema: public; Owner: umzruser
--

ALTER TABLE ONLY public.app_doc_contract
    ADD CONSTRAINT app_doc_contract_file_id_838ea8f6_fk_app_doc_document_id FOREIGN KEY (file_id) REFERENCES public.app_doc_document(id) DEFERRABLE INITIALLY DEFERRED;


--
-- Name: app_doc_contractor app_doc_contractor_company_id_dea89348_fk_app_struct_company_id; Type: FK CONSTRAINT; Schema: public; Owner: umzruser
--

ALTER TABLE ONLY public.app_doc_contractor
    ADD CONSTRAINT app_doc_contractor_company_id_dea89348_fk_app_struct_company_id FOREIGN KEY (company_id) REFERENCES public.app_struct_company(id) DEFERRABLE INITIALLY DEFERRED;


--
-- Name: app_doc_document app_doc_document_type_id_555e80a6_fk_app_doc_filetype_id; Type: FK CONSTRAINT; Schema: public; Owner: umzruser
--

ALTER TABLE ONLY public.app_doc_document
    ADD CONSTRAINT app_doc_document_type_id_555e80a6_fk_app_doc_filetype_id FOREIGN KEY (type_id) REFERENCES public.app_doc_filetype(id) DEFERRABLE INITIALLY DEFERRED;


--
-- Name: app_doc_document app_doc_document_user_created_id_019d186e_fk_app_struc; Type: FK CONSTRAINT; Schema: public; Owner: umzruser
--

ALTER TABLE ONLY public.app_doc_document
    ADD CONSTRAINT app_doc_document_user_created_id_019d186e_fk_app_struc FOREIGN KEY (user_created_id) REFERENCES public.app_struct_employee(id) DEFERRABLE INITIALLY DEFERRED;


--
-- Name: app_econ_bptask app_econ_bptask_bps_id_1a92e2ce_fk_app_econ_businessplanstr_id; Type: FK CONSTRAINT; Schema: public; Owner: umzruser
--

ALTER TABLE ONLY public.app_econ_bptask
    ADD CONSTRAINT app_econ_bptask_bps_id_1a92e2ce_fk_app_econ_businessplanstr_id FOREIGN KEY (bps_id) REFERENCES public.app_econ_businessplanstr(id) DEFERRABLE INITIALLY DEFERRED;


--
-- Name: app_econ_businessplanstr app_econ_businesspla_bp_id_76b4bac4_fk_app_econ_; Type: FK CONSTRAINT; Schema: public; Owner: umzruser
--

ALTER TABLE ONLY public.app_econ_businessplanstr
    ADD CONSTRAINT app_econ_businesspla_bp_id_76b4bac4_fk_app_econ_ FOREIGN KEY (bp_id) REFERENCES public.app_econ_businessplan(id) DEFERRABLE INITIALLY DEFERRED;


--
-- Name: app_econ_businessplanstr app_econ_businesspla_bpf_id_fd96301d_fk_app_econ_; Type: FK CONSTRAINT; Schema: public; Owner: umzruser
--

ALTER TABLE ONLY public.app_econ_businessplanstr
    ADD CONSTRAINT app_econ_businesspla_bpf_id_fd96301d_fk_app_econ_ FOREIGN KEY (bpf_id) REFERENCES public.app_econ_businessplanfacility(id) DEFERRABLE INITIALLY DEFERRED;


--
-- Name: app_econ_businessplanstr app_econ_businesspla_company_id_59aa4887_fk_app_struc; Type: FK CONSTRAINT; Schema: public; Owner: umzruser
--

ALTER TABLE ONLY public.app_econ_businessplanstr
    ADD CONSTRAINT app_econ_businesspla_company_id_59aa4887_fk_app_struc FOREIGN KEY (company_id) REFERENCES public.app_struct_company(id) DEFERRABLE INITIALLY DEFERRED;


--
-- Name: app_econ_businessplanstr app_econ_businesspla_costitem_id_0cffb082_fk_app_econ_; Type: FK CONSTRAINT; Schema: public; Owner: umzruser
--

ALTER TABLE ONLY public.app_econ_businessplanstr
    ADD CONSTRAINT app_econ_businesspla_costitem_id_0cffb082_fk_app_econ_ FOREIGN KEY (costitem_id) REFERENCES public.app_econ_businessplancostitem(id) DEFERRABLE INITIALLY DEFERRED;


--
-- Name: app_econ_businessplanstr app_econ_businesspla_facility_id_53b265a3_fk_app_struc; Type: FK CONSTRAINT; Schema: public; Owner: umzruser
--

ALTER TABLE ONLY public.app_econ_businessplanstr
    ADD CONSTRAINT app_econ_businesspla_facility_id_53b265a3_fk_app_struc FOREIGN KEY (facility_id) REFERENCES public.app_struct_facility(id) DEFERRABLE INITIALLY DEFERRED;


--
-- Name: app_econ_businessplan app_econ_businesspla_project_id_4182a2d5_fk_app_econ_; Type: FK CONSTRAINT; Schema: public; Owner: umzruser
--

ALTER TABLE ONLY public.app_econ_businessplan
    ADD CONSTRAINT app_econ_businesspla_project_id_4182a2d5_fk_app_econ_ FOREIGN KEY (project_id) REFERENCES public.app_econ_project(id) DEFERRABLE INITIALLY DEFERRED;


--
-- Name: app_econ_businessplanfacility app_econ_businesspla_project_id_ab1f53e8_fk_app_econ_; Type: FK CONSTRAINT; Schema: public; Owner: umzruser
--

ALTER TABLE ONLY public.app_econ_businessplanfacility
    ADD CONSTRAINT app_econ_businesspla_project_id_ab1f53e8_fk_app_econ_ FOREIGN KEY (project_id) REFERENCES public.app_econ_project(id) DEFERRABLE INITIALLY DEFERRED;


--
-- Name: app_econ_businessplanstr app_econ_businesspla_stage_id_a24d3e7d_fk_app_econ_; Type: FK CONSTRAINT; Schema: public; Owner: umzruser
--

ALTER TABLE ONLY public.app_econ_businessplanstr
    ADD CONSTRAINT app_econ_businesspla_stage_id_a24d3e7d_fk_app_econ_ FOREIGN KEY (stage_id) REFERENCES public.app_econ_projectstage(id) DEFERRABLE INITIALLY DEFERRED;


--
-- Name: app_econ_paymentbptask app_econ_paymentbptask_bptask_id_8cd73aab_fk_app_econ_bptask_id; Type: FK CONSTRAINT; Schema: public; Owner: umzruser
--

ALTER TABLE ONLY public.app_econ_paymentbptask
    ADD CONSTRAINT app_econ_paymentbptask_bptask_id_8cd73aab_fk_app_econ_bptask_id FOREIGN KEY (bptask_id) REFERENCES public.app_econ_bptask(id) DEFERRABLE INITIALLY DEFERRED;


--
-- Name: app_econ_project app_econ_project_division_id_a2ad8fac_fk_app_struct_division_id; Type: FK CONSTRAINT; Schema: public; Owner: umzruser
--

ALTER TABLE ONLY public.app_econ_project
    ADD CONSTRAINT app_econ_project_division_id_a2ad8fac_fk_app_struct_division_id FOREIGN KEY (division_id) REFERENCES public.app_struct_division(id) DEFERRABLE INITIALLY DEFERRED;


--
-- Name: app_econ_project_licenses app_econ_project_lic_license_id_9313d3d1_fk_app_struc; Type: FK CONSTRAINT; Schema: public; Owner: umzruser
--

ALTER TABLE ONLY public.app_econ_project_licenses
    ADD CONSTRAINT app_econ_project_lic_license_id_9313d3d1_fk_app_struc FOREIGN KEY (license_id) REFERENCES public.app_struct_license(id) DEFERRABLE INITIALLY DEFERRED;


--
-- Name: app_econ_project_licenses app_econ_project_lic_project_id_1b43bc27_fk_app_econ_; Type: FK CONSTRAINT; Schema: public; Owner: umzruser
--

ALTER TABLE ONLY public.app_econ_project_licenses
    ADD CONSTRAINT app_econ_project_lic_project_id_1b43bc27_fk_app_econ_ FOREIGN KEY (project_id) REFERENCES public.app_econ_project(id) DEFERRABLE INITIALLY DEFERRED;


--
-- Name: app_struct_company app_struct_company_parent_id_15efe3d0_fk_app_struct_company_id; Type: FK CONSTRAINT; Schema: public; Owner: umzruser
--

ALTER TABLE ONLY public.app_struct_company
    ADD CONSTRAINT app_struct_company_parent_id_15efe3d0_fk_app_struct_company_id FOREIGN KEY (parent_id) REFERENCES public.app_struct_company(id) DEFERRABLE INITIALLY DEFERRED;


--
-- Name: app_struct_division app_struct_division_company_id_ad997a11_fk_app_struc; Type: FK CONSTRAINT; Schema: public; Owner: umzruser
--

ALTER TABLE ONLY public.app_struct_division
    ADD CONSTRAINT app_struct_division_company_id_ad997a11_fk_app_struc FOREIGN KEY (company_id) REFERENCES public.app_struct_company(id) DEFERRABLE INITIALLY DEFERRED;


--
-- Name: app_struct_division app_struct_division_parent_id_3ae5bfdc_fk_app_struc; Type: FK CONSTRAINT; Schema: public; Owner: umzruser
--

ALTER TABLE ONLY public.app_struct_division
    ADD CONSTRAINT app_struct_division_parent_id_3ae5bfdc_fk_app_struc FOREIGN KEY (parent_id) REFERENCES public.app_struct_division(id) DEFERRABLE INITIALLY DEFERRED;


--
-- Name: app_struct_employee app_struct_employee_company_id_c962b0b4_fk_app_struc; Type: FK CONSTRAINT; Schema: public; Owner: umzruser
--

ALTER TABLE ONLY public.app_struct_employee
    ADD CONSTRAINT app_struct_employee_company_id_c962b0b4_fk_app_struc FOREIGN KEY (company_id) REFERENCES public.app_struct_company(id) DEFERRABLE INITIALLY DEFERRED;


--
-- Name: app_struct_employee app_struct_employee_division_id_245e1f04_fk_app_struc; Type: FK CONSTRAINT; Schema: public; Owner: umzruser
--

ALTER TABLE ONLY public.app_struct_employee
    ADD CONSTRAINT app_struct_employee_division_id_245e1f04_fk_app_struc FOREIGN KEY (division_id) REFERENCES public.app_struct_division(id) DEFERRABLE INITIALLY DEFERRED;


--
-- Name: app_struct_employee app_struct_employee_user_id_b7bbe0d6_fk_auth_user_id; Type: FK CONSTRAINT; Schema: public; Owner: umzruser
--

ALTER TABLE ONLY public.app_struct_employee
    ADD CONSTRAINT app_struct_employee_user_id_b7bbe0d6_fk_auth_user_id FOREIGN KEY (user_id) REFERENCES public.auth_user(id) DEFERRABLE INITIALLY DEFERRED;


--
-- Name: app_struct_facility app_struct_facility_license_id_ddec6cd2_fk_app_struc; Type: FK CONSTRAINT; Schema: public; Owner: umzruser
--

ALTER TABLE ONLY public.app_struct_facility
    ADD CONSTRAINT app_struct_facility_license_id_ddec6cd2_fk_app_struc FOREIGN KEY (license_id) REFERENCES public.app_struct_license(id) DEFERRABLE INITIALLY DEFERRED;


--
-- Name: app_struct_facility app_struct_facility_parent_id_b2561148_fk_app_struc; Type: FK CONSTRAINT; Schema: public; Owner: umzruser
--

ALTER TABLE ONLY public.app_struct_facility
    ADD CONSTRAINT app_struct_facility_parent_id_b2561148_fk_app_struc FOREIGN KEY (parent_id) REFERENCES public.app_struct_facility(id) DEFERRABLE INITIALLY DEFERRED;


--
-- Name: app_struct_facility app_struct_facility_type_id_b015b67d_fk_app_struc; Type: FK CONSTRAINT; Schema: public; Owner: umzruser
--

ALTER TABLE ONLY public.app_struct_facility
    ADD CONSTRAINT app_struct_facility_type_id_b015b67d_fk_app_struc FOREIGN KEY (type_id) REFERENCES public.app_struct_facilitytype(id) DEFERRABLE INITIALLY DEFERRED;


--
-- Name: app_struct_license app_struct_license_owner_id_55c5bdcf_fk_app_struct_company_id; Type: FK CONSTRAINT; Schema: public; Owner: umzruser
--

ALTER TABLE ONLY public.app_struct_license
    ADD CONSTRAINT app_struct_license_owner_id_55c5bdcf_fk_app_struct_company_id FOREIGN KEY (owner_id) REFERENCES public.app_struct_company(id) DEFERRABLE INITIALLY DEFERRED;


--
-- Name: auth_group_permissions auth_group_permissio_permission_id_84c5c92e_fk_auth_perm; Type: FK CONSTRAINT; Schema: public; Owner: umzruser
--

ALTER TABLE ONLY public.auth_group_permissions
    ADD CONSTRAINT auth_group_permissio_permission_id_84c5c92e_fk_auth_perm FOREIGN KEY (permission_id) REFERENCES public.auth_permission(id) DEFERRABLE INITIALLY DEFERRED;


--
-- Name: auth_group_permissions auth_group_permissions_group_id_b120cbf9_fk_auth_group_id; Type: FK CONSTRAINT; Schema: public; Owner: umzruser
--

ALTER TABLE ONLY public.auth_group_permissions
    ADD CONSTRAINT auth_group_permissions_group_id_b120cbf9_fk_auth_group_id FOREIGN KEY (group_id) REFERENCES public.auth_group(id) DEFERRABLE INITIALLY DEFERRED;


--
-- Name: auth_permission auth_permission_content_type_id_2f476e4b_fk_django_co; Type: FK CONSTRAINT; Schema: public; Owner: umzruser
--

ALTER TABLE ONLY public.auth_permission
    ADD CONSTRAINT auth_permission_content_type_id_2f476e4b_fk_django_co FOREIGN KEY (content_type_id) REFERENCES public.django_content_type(id) DEFERRABLE INITIALLY DEFERRED;


--
-- Name: auth_user_groups auth_user_groups_group_id_97559544_fk_auth_group_id; Type: FK CONSTRAINT; Schema: public; Owner: umzruser
--

ALTER TABLE ONLY public.auth_user_groups
    ADD CONSTRAINT auth_user_groups_group_id_97559544_fk_auth_group_id FOREIGN KEY (group_id) REFERENCES public.auth_group(id) DEFERRABLE INITIALLY DEFERRED;


--
-- Name: auth_user_groups auth_user_groups_user_id_6a12ed8b_fk_auth_user_id; Type: FK CONSTRAINT; Schema: public; Owner: umzruser
--

ALTER TABLE ONLY public.auth_user_groups
    ADD CONSTRAINT auth_user_groups_user_id_6a12ed8b_fk_auth_user_id FOREIGN KEY (user_id) REFERENCES public.auth_user(id) DEFERRABLE INITIALLY DEFERRED;


--
-- Name: auth_user_user_permissions auth_user_user_permi_permission_id_1fbb5f2c_fk_auth_perm; Type: FK CONSTRAINT; Schema: public; Owner: umzruser
--

ALTER TABLE ONLY public.auth_user_user_permissions
    ADD CONSTRAINT auth_user_user_permi_permission_id_1fbb5f2c_fk_auth_perm FOREIGN KEY (permission_id) REFERENCES public.auth_permission(id) DEFERRABLE INITIALLY DEFERRED;


--
-- Name: auth_user_user_permissions auth_user_user_permissions_user_id_a95ead1b_fk_auth_user_id; Type: FK CONSTRAINT; Schema: public; Owner: umzruser
--

ALTER TABLE ONLY public.auth_user_user_permissions
    ADD CONSTRAINT auth_user_user_permissions_user_id_a95ead1b_fk_auth_user_id FOREIGN KEY (user_id) REFERENCES public.auth_user(id) DEFERRABLE INITIALLY DEFERRED;


--
-- Name: django_admin_log django_admin_log_content_type_id_c4bce8eb_fk_django_co; Type: FK CONSTRAINT; Schema: public; Owner: umzruser
--

ALTER TABLE ONLY public.django_admin_log
    ADD CONSTRAINT django_admin_log_content_type_id_c4bce8eb_fk_django_co FOREIGN KEY (content_type_id) REFERENCES public.django_content_type(id) DEFERRABLE INITIALLY DEFERRED;


--
-- Name: django_admin_log django_admin_log_user_id_c564eba6_fk_auth_user_id; Type: FK CONSTRAINT; Schema: public; Owner: umzruser
--

ALTER TABLE ONLY public.django_admin_log
    ADD CONSTRAINT django_admin_log_user_id_c564eba6_fk_auth_user_id FOREIGN KEY (user_id) REFERENCES public.auth_user(id) DEFERRABLE INITIALLY DEFERRED;


--
-- PostgreSQL database dump complete
--

